x,z,y,total_pixels
-0.8,1.6,-3,9107
-0.6,1.6,-3,7811
-0.4,1.6,-3,2048
-0.2,1.6,-3,289
0,1.6,-3,0
0.2,1.6,-3,0
0.4,1.6,-3,0
0.6,1.6,-3,2121
0.8,1.6,-3,5245
-0.8,1.8,-3,6678
-0.6,1.8,-3,5644
-0.4,1.8,-3,2532
-0.2,1.8,-3,457
0,1.8,-3,190
0.2,1.8,-3,0
0.4,1.8,-3,65
0.6,1.8,-3,857
0.8,1.8,-3,3323
-0.8,2,-3,4482
-0.6,2,-3,3378
-0.4,2,-3,1631
-0.2,2,-3,692
0,2,-3,140
0.2,2,-3,0
0.4,2,-3,78
0.6,2,-3,341
0.8,2,-3,1636
-0.8,2.2,-3,3019
-0.6,2.2,-3,1956
-0.4,2.2,-3,929
-0.2,2.2,-3,293
0,2.2,-3,21
0.2,2.2,-3,0
0.4,2.2,-3,6
0.6,2.2,-3,137
0.8,2.2,-3,632
-0.8,2.4,-3,2016
-0.6,2.4,-3,1151
-0.4,2.4,-3,478
-0.2,2.4,-3,131
0,2.4,-3,0
0.2,2.4,-3,0
0.4,2.4,-3,0
0.6,2.4,-3,62
0.8,2.4,-3,244
-0.8,2.6,-3,2016
-0.6,2.6,-3,885
-0.4,2.6,-3,419
-0.2,2.6,-3,161
0,2.6,-3,0
0.2,2.6,-3,0
0.4,2.6,-3,0
0.6,2.6,-3,6
0.8,2.6,-3,160
-0.8,2.8,-3,2902
-0.6,2.8,-3,1316
-0.4,2.8,-3,564
-0.2,2.8,-3,162
0,2.8,-3,0
0.2,2.8,-3,0
0.4,2.8,-3,15
0.6,2.8,-3,19
0.8,2.8,-3,147
-0.8,3,-3,3668
-0.6,3,-3,2145
-0.4,3,-3,1227
-0.2,3,-3,637
0,3,-3,187
0.2,3,-3,138
0.4,3,-3,203
0.6,3,-3,165
0.8,3,-3,199
-0.8,3.2,-3,4296
-0.6,3.2,-3,2834
-0.4,3.2,-3,2009
-0.2,3.2,-3,1422
0,3.2,-3,854
0.2,3.2,-3,504
0.4,3.2,-3,601
0.6,3.2,-3,581
0.8,3.2,-3,451
-0.8,3.4,-3,4809
-0.6,3.4,-3,3700
-0.4,3.4,-3,3027
-0.2,3.4,-3,2423
0,3.4,-3,1637
0.2,3.4,-3,1334
0.4,3.4,-3,1576
0.6,3.4,-3,1510
0.8,3.4,-3,1183
-0.8,1.6,-4,4235
-0.6,1.6,-4,2021
-0.4,1.6,-4,779
-0.2,1.6,-4,268
0,1.6,-4,102
0.2,1.6,-4,68
0.4,1.6,-4,187
0.6,1.6,-4,243
0.8,1.6,-4,1121
-0.8,1.8,-4,4699
-0.6,1.8,-4,2878
-0.4,1.8,-4,1090
-0.2,1.8,-4,330
0,1.8,-4,13
0.2,1.8,-4,0
0.4,1.8,-4,0
0.6,1.8,-4,241
0.8,1.8,-4,1506
-0.8,2,-4,4123
-0.6,2,-4,2958
-0.4,2,-4,1359
-0.2,2,-4,625
0,2,-4,140
0.2,2,-4,13
0.4,2,-4,1
0.6,2,-4,172
0.8,2,-4,1315
-0.8,2.2,-4,3085
-0.6,2.2,-4,2270
-0.4,2.2,-4,1102
-0.2,2.2,-4,506
0,2.2,-4,268
0.2,2.2,-4,115
0.4,2.2,-4,26
0.6,2.2,-4,127
0.8,2.2,-4,628
-0.8,2.4,-4,2216
-0.6,2.4,-4,1582
-0.4,2.4,-4,955
-0.2,2.4,-4,472
0,2.4,-4,243
0.2,2.4,-4,97
0.4,2.4,-4,39
0.6,2.4,-4,108
0.8,2.4,-4,341
-0.8,2.6,-4,1628
-0.6,2.6,-4,1107
-0.4,2.6,-4,689
-0.2,2.6,-4,386
0,2.6,-4,140
0.2,2.6,-4,30
0.4,2.6,-4,21
0.6,2.6,-4,58
0.8,2.6,-4,195
-0.8,2.8,-4,1250
-0.6,2.8,-4,777
-0.4,2.8,-4,438
-0.2,2.8,-4,221
0,2.8,-4,83
0.2,2.8,-4,0
0.4,2.8,-4,0
0.6,2.8,-4,33
0.8,2.8,-4,119
-0.8,3,-4,997
-0.6,3,-4,637
-0.4,3,-4,355
-0.2,3,-4,186
0,3,-4,100
0.2,3,-4,6
0.4,3,-4,0
0.6,3,-4,8
0.8,3,-4,72
-0.8,3.2,-4,1226
-0.6,3.2,-4,728
-0.4,3.2,-4,408
-0.2,3.2,-4,197
0,3.2,-4,85
0.2,3.2,-4,6
0.4,3.2,-4,8
0.6,3.2,-4,16
0.8,3.2,-4,58
-0.8,3.4,-4,1636
-0.6,3.4,-4,1057
-0.4,3.4,-4,699
-0.2,3.4,-4,391
0,3.4,-4,180
0.2,3.4,-4,89
0.4,3.4,-4,89
0.6,3.4,-4,88
0.8,3.4,-4,91
-0.8,1.6,-5,1669
-0.6,1.6,-5,1137
-0.4,1.6,-5,1228
-0.2,1.6,-5,981
0,1.6,-5,577
0.2,1.6,-5,346
0.4,1.6,-5,752
0.6,1.6,-5,1062
0.8,1.6,-5,1002
-0.8,1.8,-5,2134
-0.6,1.8,-5,1224
-0.4,1.8,-5,703
-0.2,1.8,-5,389
0,1.8,-5,164
0.2,1.8,-5,103
0.4,1.8,-5,147
0.6,1.8,-5,213
0.8,1.8,-5,497
-0.8,2,-5,2418
-0.6,2,-5,1442
-0.4,2,-5,735
-0.2,2,-5,344
0,2,-5,124
0.2,2,-5,26
0.4,2,-5,28
0.6,2,-5,90
0.8,2,-5,510
-0.8,2.2,-5,2396
-0.6,2.2,-5,1581
-0.4,2.2,-5,766
-0.2,2.2,-5,402
0,2.2,-5,165
0.2,2.2,-5,29
0.4,2.2,-5,1
0.6,2.2,-5,45
0.8,2.2,-5,452
-0.8,2.4,-5,2084
-0.6,2.4,-5,1457
-0.4,2.4,-5,780
-0.2,2.4,-5,359
0,2.4,-5,204
0.2,2.4,-5,63
0.4,2.4,-5,26
0.6,2.4,-5,41
0.8,2.4,-5,228
-0.8,2.6,-5,1610
-0.6,2.6,-5,1199
-0.4,2.6,-5,697
-0.2,2.6,-5,403
0,2.6,-5,221
0.2,2.6,-5,136
0.4,2.6,-5,70
0.6,2.6,-5,55
0.8,2.6,-5,151
-0.8,2.8,-5,1288
-0.6,2.8,-5,913
-0.4,2.8,-5,604
-0.2,2.8,-5,377
0,2.8,-5,219
0.2,2.8,-5,119
0.4,2.8,-5,70
0.6,2.8,-5,50
0.8,2.8,-5,113
-0.8,3,-5,986
-0.6,3,-5,726
-0.4,3,-5,497
-0.2,3,-5,330
0,3,-5,188
0.2,3,-5,80
0.4,3,-5,37
0.6,3,-5,34
0.8,3,-5,82
-0.8,3.2,-5,804
-0.6,3.2,-5,554
-0.4,3.2,-5,356
-0.2,3.2,-5,209
0,3.2,-5,145
0.2,3.2,-5,63
0.4,3.2,-5,8
0.6,3.2,-5,24
0.8,3.2,-5,55
-0.8,3.4,-5,677
-0.6,3.4,-5,474
-0.4,3.4,-5,284
-0.2,3.4,-5,182
0,3.4,-5,104
0.2,3.4,-5,64
0.4,3.4,-5,6
0.6,3.4,-5,10
0.8,3.4,-5,38
-0.8,1.6,-6,1265
-0.6,1.6,-6,1477
-0.4,1.6,-6,1606
-0.2,1.6,-6,1495
0,1.6,-6,1102
0.2,1.6,-6,834
0.4,1.6,-6,1180
0.6,1.6,-6,1515
0.8,1.6,-6,1638
-0.8,1.8,-6,1146
-0.6,1.8,-6,927
-0.4,1.8,-6,861
-0.2,1.8,-6,652
0,1.8,-6,434
0.2,1.8,-6,302
0.4,1.8,-6,407
0.6,1.8,-6,562
0.8,1.8,-6,664
-0.8,2,-6,1265
-0.6,2,-6,836
-0.4,2,-6,568
-0.2,2,-6,380
0,2,-6,173
0.2,2,-6,123
0.4,2,-6,118
0.6,2,-6,138
0.8,2,-6,250
-0.8,2.2,-6,1399
-0.6,2.2,-6,924
-0.4,2.2,-6,531
-0.2,2.2,-6,305
0,2.2,-6,185
0.2,2.2,-6,90
0.4,2.2,-6,38
0.6,2.2,-6,69
0.8,2.2,-6,211
-0.8,2.4,-6,1466
-0.6,2.4,-6,949
-0.4,2.4,-6,550
-0.2,2.4,-6,290
0,2.4,-6,173
0.2,2.4,-6,68
0.4,2.4,-6,22
0.6,2.4,-6,22
0.8,2.4,-6,164
-0.8,2.6,-6,1396
-0.6,2.6,-6,949
-0.4,2.6,-6,535
-0.2,2.6,-6,338
0,2.6,-6,207
0.2,2.6,-6,116
0.4,2.6,-6,48
0.6,2.6,-6,19
0.8,2.6,-6,100
-0.8,2.8,-6,1190
-0.6,2.8,-6,834
-0.4,2.8,-6,512
-0.2,2.8,-6,321
0,2.8,-6,187
0.2,2.8,-6,116
0.4,2.8,-6,85
0.6,2.8,-6,63
0.8,2.8,-6,99
-0.8,3,-6,973
-0.6,3,-6,722
-0.4,3,-6,468
-0.2,3,-6,306
0,3,-6,206
0.2,3,-6,124
0.4,3,-6,79
0.6,3,-6,64
0.8,3,-6,68
-0.8,3.2,-6,785
-0.6,3.2,-6,593
-0.4,3.2,-6,437
-0.2,3.2,-6,293
0,3.2,-6,196
0.2,3.2,-6,131
0.4,3.2,-6,66
0.6,3.2,-6,62
0.8,3.2,-6,61
-0.8,3.4,-6,660
-0.6,3.4,-6,498
-0.4,3.4,-6,351
-0.2,3.4,-6,273
0,3.4,-6,166
0.2,3.4,-6,113
0.4,3.4,-6,58
0.6,3.4,-6,46
0.8,3.4,-6,47
