x,z,total_pixels
-0.8,1.6,1265
-0.6,1.6,1477
-0.4,1.6,1606
-0.2,1.6,1495
0,1.6,1102
0.2,1.6,834
0.4,1.6,1180
0.6,1.6,1515
0.8,1.6,1638
-0.8,1.8,1146
-0.6,1.8,927
-0.4,1.8,861
-0.2,1.8,652
0,1.8,434
0.2,1.8,302
0.4,1.8,407
0.6,1.8,562
0.8,1.8,664
-0.8,2,1265
-0.6,2,836
-0.4,2,568
-0.2,2,380
0,2,173
0.2,2,123
0.4,2,118
0.6,2,138
0.8,2,250
-0.8,2.2,1399
-0.6,2.2,924
-0.4,2.2,531
-0.2,2.2,305
0,2.2,185
0.2,2.2,90
0.4,2.2,38
0.6,2.2,69
0.8,2.2,211
-0.8,2.4,1466
-0.6,2.4,949
-0.4,2.4,550
-0.2,2.4,290
0,2.4,173
0.2,2.4,68
0.4,2.4,22
0.6,2.4,22
0.8,2.4,164
-0.8,2.6,1396
-0.6,2.6,949
-0.4,2.6,535
-0.2,2.6,338
0,2.6,207
0.2,2.6,116
0.4,2.6,48
0.6,2.6,19
0.8,2.6,100
-0.8,2.8,1190
-0.6,2.8,834
-0.4,2.8,512
-0.2,2.8,321
0,2.8,187
0.2,2.8,116
0.4,2.8,85
0.6,2.8,63
0.8,2.8,99
-0.8,3,973
-0.6,3,722
-0.4,3,468
-0.2,3,306
0,3,206
0.2,3,124
0.4,3,79
0.6,3,64
0.8,3,68
-0.8,3.2,785
-0.6,3.2,593
-0.4,3.2,437
-0.2,3.2,293
0,3.2,196
0.2,3.2,131
0.4,3.2,66
0.6,3.2,62
0.8,3.2,61
-0.8,3.4,660
-0.6,3.4,498
-0.4,3.4,351
-0.2,3.4,273
0,3.4,166
0.2,3.4,113
0.4,3.4,58
0.6,3.4,46
0.8,3.4,47
-0.8,3.6,534
-0.6,3.6,411
-0.4,3.6,298
-0.2,3.6,204
0,3.6,154
0.2,3.6,84
0.4,3.6,47
0.6,3.6,22
0.8,3.6,31
