seconds,phase,visible,playback_s,frame_ms,image_ms,detect_ms,rt,width,height,rotation,mirrored,sensor_fov,tag_m,x,y,z,qx,qy,qz,qw
3.3758,inicio,False,0.0000,104.372,0.000,0.000,True,0,0,0,False,60.00,0.1000,0.000000,0.000000,0.000000,0.000000,0.000000,0.000000,1.000000
4.8503,inicio,False,0.0000,236.595,0.000,0.000,True,0,0,0,False,60.00,0.1000,0.000000,0.000000,0.000000,0.000000,0.000000,0.000000,1.000000
5.3031,inicio,False,0.0000,225.103,5.859,7.783,True,640,480,90,False,60.00,0.1000,0.000000,0.000000,0.000000,0.000000,0.000000,0.000000,1.000000
5.4330,inicio,False,0.0000,220.512,5.859,7.783,True,640,480,90,False,60.00,0.1000,0.000000,0.000000,0.000000,0.000000,0.000000,0.000000,1.000000
5.5731,inicio,False,0.0000,196.313,7.467,15.070,True,640,480,90,False,60.00,0.1000,0.000000,0.000000,0.000000,0.000000,0.000000,0.000000,1.000000
5.8792,inicio,False,0.0000,192.139,20.515,15.502,True,640,480,0,False,60.00,0.1000,0.000000,0.000000,0.000000,0.000000,0.000000,0.000000,1.000000
5.9878,inicio,False,0.0000,170.234,23.344,16.423,True,640,480,0,False,60.00,0.1000,0.000000,0.000000,0.000000,0.000000,0.000000,0.000000,1.000000
6.1213,inicio,False,0.0000,144.827,36.658,23.717,True,640,480,0,False,60.00,0.1000,0.000000,0.000000,0.000000,0.000000,0.000000,0.000000,1.000000
6.2375,inicio,False,0.0000,129.686,28.967,9.292,True,640,480,0,False,60.00,0.1000,0.000000,0.000000,0.000000,0.000000,0.000000,0.000000,1.000000
6.3753,inicio,False,0.0000,111.808,31.068,12.454,True,640,480,0,False,60.00,0.1000,0.000000,0.000000,0.000000,0.000000,0.000000,0.000000,1.000000
6.4870,inicio,False,0.0000,101.365,31.068,12.454,True,640,480,0,False,60.00,0.1000,0.000000,0.000000,0.000000,0.000000,0.000000,0.000000,1.000000
6.6040,inicio,False,0.0000,92.456,28.914,12.882,True,640,480,0,False,60.00,0.1000,0.000000,0.000000,0.000000,0.000000,0.000000,0.000000,1.000000
6.7369,inicio,False,0.0000,81.486,6.239,11.663,True,640,480,0,False,60.00,0.1000,0.000000,0.000000,0.000000,0.000000,0.000000,0.000000,1.000000
6.8705,inicio,False,0.0000,72.550,5.888,12.188,True,640,480,0,False,60.00,0.1000,0.000000,0.000000,0.000000,0.000000,0.000000,0.000000,1.000000
6.9705,inicio,False,0.0000,66.955,6.332,12.032,True,640,480,0,False,60.00,0.1000,0.000000,0.000000,0.000000,0.000000,0.000000,0.000000,1.000000
7.1034,inicio,False,0.0000,60.715,10.079,13.339,True,640,480,0,False,60.00,0.1000,0.000000,0.000000,0.000000,0.000000,0.000000,0.000000,1.000000
7.2037,inicio,False,0.0000,56.813,10.079,13.339,True,640,480,0,False,60.00,0.1000,0.000000,0.000000,0.000000,0.000000,0.000000,0.000000,1.000000
7.3367,inicio,False,0.0000,52.453,5.741,14.235,True,640,480,0,False,60.00,0.1000,0.000000,0.000000,0.000000,0.000000,0.000000,0.000000,1.000000
7.4367,inicio,False,0.0000,49.725,5.504,13.021,True,640,480,0,False,60.00,0.1000,0.000000,0.000000,0.000000,0.000000,0.000000,0.000000,1.000000
7.5369,inicio,False,0.0000,47.386,5.379,16.520,True,640,480,0,False,60.00,0.1000,0.000000,0.000000,0.000000,0.000000,0.000000,0.000000,1.000000
7.6699,inicio,False,0.0000,44.776,8.555,13.528,True,640,480,0,False,60.00,0.1000,0.000000,0.000000,0.000000,0.000000,0.000000,0.000000,1.000000
7.7701,inicio,False,0.0000,43.143,6.210,10.281,True,640,480,0,False,60.00,0.1000,0.000000,0.000000,0.000000,0.000000,0.000000,0.000000,1.000000
7.9032,inicio,False,0.0000,41.321,6.135,10.584,True,640,480,0,False,60.00,0.1000,0.000000,0.000000,0.000000,0.000000,0.000000,0.000000,1.000000
8.0035,inicio,False,0.0000,40.181,6.681,14.337,True,640,480,0,False,60.00,0.1000,0.000000,0.000000,0.000000,0.000000,0.000000,0.000000,1.000000
8.1364,inicio,False,0.0000,38.909,6.444,17.408,True,640,480,0,False,60.00,0.1000,0.000000,0.000000,0.000000,0.000000,0.000000,0.000000,1.000000
8.2368,inicio,False,0.0000,38.113,6.939,26.860,True,640,480,0,False,60.00,0.1000,0.000000,0.000000,0.000000,0.000000,0.000000,0.000000,1.000000
8.3378,inicio,False,0.0000,37.429,5.244,24.994,True,640,480,0,False,60.00,0.1000,0.000000,0.000000,0.000000,0.000000,0.000000,0.000000,1.000000
8.4697,inicio,False,0.0000,36.669,5.178,14.952,True,640,480,0,False,60.00,0.1000,0.000000,0.000000,0.000000,0.000000,0.000000,0.000000,1.000000
8.6032,inicio,False,0.0000,36.048,5.478,13.764,True,640,480,0,False,60.00,0.1000,0.000000,0.000000,0.000000,0.000000,0.000000,0.000000,1.000000
8.7363,inicio,False,0.0000,35.540,6.247,13.895,True,640,480,0,False,60.00,0.1000,0.000000,0.000000,0.000000,0.000000,0.000000,0.000000,1.000000
8.8694,inicio,False,0.0000,35.128,7.003,9.289,True,640,480,0,False,60.00,0.1000,0.000000,0.000000,0.000000,0.000000,0.000000,0.000000,1.000000
8.9695,inicio,False,0.0000,34.869,5.308,15.135,True,640,480,0,False,60.00,0.1000,0.000000,0.000000,0.000000,0.000000,0.000000,0.000000,1.000000
9.1025,inicio,False,0.0000,34.583,5.504,13.686,True,640,480,0,False,60.00,0.1000,0.000000,0.000000,0.000000,0.000000,0.000000,0.000000,1.000000
9.2029,inicio,False,0.0000,34.404,8.076,12.421,True,640,480,0,False,60.00,0.1000,0.000000,0.000000,0.000000,0.000000,0.000000,0.000000,1.000000
9.3362,inicio,False,0.0000,34.204,6.336,11.377,True,640,480,0,False,60.00,0.1000,0.000000,0.000000,0.000000,0.000000,0.000000,0.000000,1.000000
9.4695,inicio,False,0.0000,34.040,6.293,9.887,True,640,480,0,False,60.00,0.1000,0.000000,0.000000,0.000000,0.000000,0.000000,0.000000,1.000000
9.5700,inicio,False,0.0000,33.938,5.341,12.563,True,640,480,0,False,60.00,0.1000,0.000000,0.000000,0.000000,0.000000,0.000000,0.000000,1.000000
9.7027,inicio,False,0.0000,33.824,5.528,11.587,True,640,480,0,False,60.00,0.1000,0.000000,0.000000,0.000000,0.000000,0.000000,0.000000,1.000000
9.8362,inicio,False,0.0000,33.730,5.360,8.948,True,640,480,0,False,60.00,0.1000,0.000000,0.000000,0.000000,0.000000,0.000000,0.000000,1.000000
9.9692,inicio,False,0.0000,33.655,5.173,8.906,True,640,480,0,False,60.00,0.1000,0.000000,0.000000,0.000000,0.000000,0.000000,0.000000,1.000000
10.0761,inicio,False,0.0000,33.609,5.666,12.783,True,640,480,0,False,60.00,0.1000,0.000000,0.000000,0.000000,0.000000,0.000000,0.000000,1.000000
10.2027,inicio,False,0.0000,33.555,6.011,9.546,True,640,480,0,False,60.00,0.1000,0.000000,0.000000,0.000000,0.000000,0.000000,0.000000,1.000000
10.3358,inicio,False,0.0000,33.512,5.627,11.372,True,640,480,0,False,60.00,0.1000,0.000000,0.000000,0.000000,0.000000,0.000000,0.000000,1.000000
10.4361,inicio,False,0.0000,33.495,5.275,13.680,True,640,480,0,False,60.00,0.1000,0.000000,0.000000,0.000000,0.000000,0.000000,0.000000,1.000000
10.5378,inicio,False,0.0000,33.465,5.369,15.436,True,640,480,0,False,60.00,0.1000,0.000000,0.000000,0.000000,0.000000,0.000000,0.000000,1.000000
10.6689,inicio,False,0.0000,33.437,5.235,10.235,True,640,480,0,False,60.00,0.1000,0.000000,0.000000,0.000000,0.000000,0.000000,0.000000,1.000000
10.7691,inicio,False,0.0000,33.417,5.218,8.366,True,640,480,0,False,60.00,0.1000,0.000000,0.000000,0.000000,0.000000,0.000000,0.000000,1.000000
10.9024,inicio,False,0.0000,33.396,4.896,14.323,True,640,480,0,False,60.00,0.1000,0.000000,0.000000,0.000000,0.000000,0.000000,0.000000,1.000000
11.0357,inicio,False,0.0000,33.379,5.344,12.120,True,640,480,0,False,60.00,0.1000,0.000000,0.000000,0.000000,0.000000,0.000000,0.000000,1.000000
11.1688,inicio,False,0.0000,33.374,5.389,9.885,True,640,480,0,False,60.00,0.1000,0.000000,0.000000,0.000000,0.000000,0.000000,0.000000,1.000000
11.2691,inicio,False,0.0000,33.367,4.985,16.970,True,640,480,0,False,60.00,0.1000,0.000000,0.000000,0.000000,0.000000,0.000000,0.000000,1.000000
11.4020,inicio,False,0.0000,33.359,6.467,11.680,True,640,480,0,False,60.00,0.1000,0.000000,0.000000,0.000000,0.000000,0.000000,0.000000,1.000000
