seconds,phase,visible,playback_s,frame_ms,image_ms,detect_ms,rt,width,height,rotation,mirrored,sensor_fov,tag_m,x,y,z,qx,qy,qz,qw,processed_frames
3.1288,inicio,False,0.0000,105.575,0.000,0.000,True,0,0,0,False,60.00,0.1000,0.000000,0.000000,0.000000,0.000000,0.000000,0.000000,1.000000,0
5.8045,inicio,False,0.0000,284.037,0.000,0.000,True,0,0,0,False,60.00,0.1000,0.000000,0.000000,0.000000,0.000000,0.000000,0.000000,1.000000,0
7.7334,inicio,False,0.0000,366.482,0.000,0.000,True,0,0,0,False,60.00,0.1000,0.000000,0.000000,0.000000,0.000000,0.000000,0.000000,1.000000,0
7.8568,inicio,False,0.0000,304.668,0.000,0.000,True,0,0,0,False,60.00,0.1000,0.000000,0.000000,0.000000,0.000000,0.000000,0.000000,1.000000,0
7.9867,inicio,False,0.0000,254.347,0.000,0.000,True,0,0,0,False,60.00,0.1000,0.000000,0.000000,0.000000,0.000000,0.000000,0.000000,1.000000,0
8.0870,inicio,False,0.0000,222.820,0.000,0.000,True,0,0,0,False,60.00,0.1000,0.000000,0.000000,0.000000,0.000000,0.000000,0.000000,1.000000,0
8.2531,inicio,False,0.0000,189.294,0.000,0.000,True,0,0,0,False,60.00,0.1000,0.000000,0.000000,0.000000,0.000000,0.000000,0.000000,1.000000,0
9.0267,inicio,False,0.0000,209.102,33.105,32.226,True,320,240,90,False,60.00,0.1000,0.000000,0.000000,0.000000,0.000000,0.000000,0.000000,1.000000,2
9.1688,inicio,False,0.0000,195.175,1.242,41.633,True,320,240,90,False,60.00,0.1000,0.000000,0.000000,0.000000,0.000000,0.000000,0.000000,1.000000,3
9.2966,inicio,False,0.0000,173.672,11.396,20.571,True,320,240,90,False,60.00,0.1000,0.000000,0.000000,0.000000,0.000000,0.000000,0.000000,1.000000,5
9.4475,inicio,False,0.0000,148.473,10.177,18.273,True,320,240,90,False,60.00,0.1000,0.000000,0.000000,0.000000,0.000000,0.000000,0.000000,1.000000,8
9.5916,inicio,False,0.0000,127.947,12.557,21.455,True,320,240,90,False,60.00,0.1000,0.000000,0.000000,0.000000,0.000000,0.000000,0.000000,1.000000,10
9.7024,inicio,False,0.0000,115.201,10.423,23.706,True,320,240,90,False,60.00,0.1000,0.000000,0.000000,0.000000,0.000000,0.000000,0.000000,1.000000,11
9.8289,inicio,False,0.0000,104.356,17.522,26.499,True,320,240,90,False,60.00,0.1000,0.000000,0.000000,0.000000,0.000000,0.000000,0.000000,1.000000,13
9.9696,inicio,False,0.0000,91.179,19.276,22.400,True,320,240,90,False,60.00,0.1000,0.000000,0.000000,0.000000,0.000000,0.000000,0.000000,1.000000,15
10.0877,inicio,False,0.0000,80.448,17.477,21.098,True,320,240,90,False,60.00,0.1000,0.000000,0.000000,0.000000,0.000000,0.000000,0.000000,1.000000,17
10.2495,inicio,False,0.0000,76.185,15.994,41.738,True,320,240,90,False,60.00,0.1000,0.000000,0.000000,0.000000,0.000000,0.000000,0.000000,1.000000,20
10.3583,inicio,False,0.0000,74.424,15.003,18.235,True,320,240,90,False,60.00,0.1000,0.000000,0.000000,0.000000,0.000000,0.000000,0.000000,1.000000,21
10.4734,inicio,False,0.0000,69.394,11.977,36.014,True,320,240,90,False,60.00,0.1000,0.000000,0.000000,0.000000,0.000000,0.000000,0.000000,1.000000,23
10.5937,inicio,False,0.0000,68.334,17.196,23.639,True,320,240,90,False,60.00,0.1000,0.000000,0.000000,0.000000,0.000000,0.000000,0.000000,1.000000,25
10.7032,inicio,False,0.0000,66.549,10.604,26.933,True,320,240,90,False,60.00,0.1000,0.000000,0.000000,0.000000,0.000000,0.000000,0.000000,1.000000,26
10.8265,inicio,False,0.0000,63.392,8.101,20.727,True,320,240,90,False,60.00,0.1000,0.000000,0.000000,0.000000,0.000000,0.000000,0.000000,1.000000,28
10.9522,inicio,False,0.0000,57.818,7.827,21.325,True,320,240,90,False,60.00,0.1000,0.000000,0.000000,0.000000,0.000000,0.000000,0.000000,1.000000,30
11.1261,inicio,False,0.0000,56.783,9.224,26.782,True,320,240,90,False,60.00,0.1000,0.000000,0.000000,0.000000,0.000000,0.000000,0.000000,1.000000,32
11.2648,inicio,False,0.0000,55.813,7.379,31.705,True,320,240,90,False,60.00,0.1000,0.000000,0.000000,0.000000,0.000000,0.000000,0.000000,1.000000,35
11.3701,inicio,False,0.0000,56.104,8.099,34.411,True,320,240,90,False,60.00,0.1000,0.000000,0.000000,0.000000,0.000000,0.000000,0.000000,1.000000,37
11.5274,inicio,False,0.0000,55.230,7.621,29.210,True,320,240,90,False,60.00,0.1000,0.000000,0.000000,0.000000,0.000000,0.000000,0.000000,1.000000,39
11.6523,inicio,False,0.0000,53.634,7.114,29.103,True,320,240,90,False,60.00,0.1000,0.000000,0.000000,0.000000,0.000000,0.000000,0.000000,1.000000,41
11.8073,inicio,False,0.0000,53.139,6.517,50.723,True,320,240,90,False,60.00,0.1000,0.000000,0.000000,0.000000,0.000000,0.000000,0.000000,1.000000,43
11.9477,inicio,False,0.0000,54.453,12.434,43.097,True,320,240,90,False,60.00,0.1000,0.000000,0.000000,0.000000,0.000000,0.000000,0.000000,1.000000,45
12.0837,inicio,False,0.0000,55.709,9.855,23.980,True,320,240,90,False,60.00,0.1000,0.000000,0.000000,0.000000,0.000000,0.000000,0.000000,1.000000,47
12.1861,inicio,False,0.0000,55.121,12.014,23.721,True,320,240,90,False,60.00,0.1000,0.000000,0.000000,0.000000,0.000000,0.000000,0.000000,1.000000,49
12.3156,inicio,False,0.0000,53.574,10.480,33.022,True,320,240,90,False,60.00,0.1000,0.000000,0.000000,0.000000,0.000000,0.000000,0.000000,1.000000,51
12.4434,inicio,False,0.0000,52.180,6.342,24.566,True,320,240,90,False,60.00,0.1000,0.000000,0.000000,0.000000,0.000000,0.000000,0.000000,1.000000,53
12.5841,inicio,False,0.0000,48.676,10.526,19.085,True,320,240,90,False,60.00,0.1000,0.000000,0.000000,0.000000,0.000000,0.000000,0.000000,1.000000,55
12.6889,inicio,False,0.0000,47.242,21.865,53.405,True,320,240,90,False,60.00,0.1000,0.000000,0.000000,0.000000,0.000000,0.000000,0.000000,1.000000,56
12.8199,inicio,False,0.0000,49.124,1.379,7.519,True,320,240,90,False,60.00,0.1000,0.000000,0.000000,0.000000,0.000000,0.000000,0.000000,1.000000,58
12.9529,inicio,False,0.0000,46.171,8.159,8.992,True,320,240,90,False,60.00,0.1000,0.000000,0.000000,0.000000,0.000000,0.000000,0.000000,1.000000,60
13.0554,inicio,False,0.0000,44.321,11.967,4.434,True,320,240,90,False,60.00,0.1000,0.000000,0.000000,0.000000,0.000000,0.000000,0.000000,1.000000,62
13.1855,inicio,False,0.0000,42.267,5.653,2.544,True,320,240,90,False,60.00,0.1000,0.000000,0.000000,0.000000,0.000000,0.000000,0.000000,1.000000,64
13.2863,inicio,False,0.0000,40.999,6.945,7.168,True,320,240,90,False,60.00,0.1000,0.000000,0.000000,0.000000,0.000000,0.000000,0.000000,1.000000,65
13.4208,inicio,False,0.0000,39.575,7.552,3.109,True,320,240,90,False,60.00,0.1000,0.000000,0.000000,0.000000,0.000000,0.000000,0.000000,1.000000,67
13.5406,inicio,False,0.0000,38.421,15.354,3.680,True,320,240,90,False,60.00,0.1000,0.000000,0.000000,0.000000,0.000000,0.000000,0.000000,1.000000,69
13.6679,inicio,False,0.0000,36.758,23.807,3.400,True,320,240,90,False,60.00,0.1000,0.000000,0.000000,0.000000,0.000000,0.000000,0.000000,1.000000,71
13.7701,inicio,False,0.0000,36.268,24.568,4.066,True,320,240,90,False,60.00,0.1000,0.000000,0.000000,0.000000,0.000000,0.000000,0.000000,1.000000,72
13.8902,inicio,False,0.0000,36.686,15.912,2.436,True,320,240,90,False,60.00,0.1000,0.000000,0.000000,0.000000,0.000000,0.000000,0.000000,1.000000,74
14.0181,inicio,False,0.0000,36.061,8.557,2.885,True,320,240,90,False,60.00,0.1000,0.000000,0.000000,0.000000,0.000000,0.000000,0.000000,1.000000,76
14.1236,inicio,False,0.0000,35.674,6.623,3.508,True,320,240,90,False,60.00,0.1000,0.000000,0.000000,0.000000,0.000000,0.000000,0.000000,1.000000,78
14.2245,inicio,False,0.0000,35.331,5.436,1.832,True,320,240,90,False,60.00,0.1000,0.000000,0.000000,0.000000,0.000000,0.000000,0.000000,1.000000,79
14.3511,inicio,False,0.0000,34.956,10.223,1.827,True,320,240,90,False,60.00,0.1000,0.000000,0.000000,0.000000,0.000000,0.000000,0.000000,1.000000,81
14.4519,inicio,False,0.0000,34.728,5.406,1.610,True,320,240,90,False,60.00,0.1000,0.000000,0.000000,0.000000,0.000000,0.000000,0.000000,1.000000,82
14.5544,inicio,False,0.0000,34.558,6.369,2.358,True,320,240,90,False,60.00,0.1000,0.000000,0.000000,0.000000,0.000000,0.000000,0.000000,1.000000,84
14.6854,inicio,False,0.0000,34.307,7.109,2.472,True,320,240,90,False,60.00,0.1000,0.000000,0.000000,0.000000,0.000000,0.000000,0.000000,1.000000,86
14.7855,inicio,False,0.0000,34.146,5.720,1.898,True,320,240,90,False,60.00,0.1000,0.000000,0.000000,0.000000,0.000000,0.000000,0.000000,1.000000,87
14.9202,inicio,False,0.0000,33.994,5.638,2.311,True,320,240,90,False,60.00,0.1000,0.000000,0.000000,0.000000,0.000000,0.000000,0.000000,1.000000,89
15.0514,inicio,False,0.0000,33.885,5.886,2.001,True,320,240,90,False,60.00,0.1000,0.000000,0.000000,0.000000,0.000000,0.000000,0.000000,1.000000,91
15.1532,inicio,False,0.0000,33.803,1.104,2.032,True,320,240,90,False,60.00,0.1000,0.000000,0.000000,0.000000,0.000000,0.000000,0.000000,1.000000,93
15.2840,inicio,False,0.0000,33.706,5.973,3.521,True,320,240,90,False,60.00,0.1000,0.000000,0.000000,0.000000,0.000000,0.000000,0.000000,1.000000,95
15.3844,inicio,False,0.0000,33.644,6.251,2.261,True,320,240,90,False,60.00,0.1000,0.000000,0.000000,0.000000,0.000000,0.000000,0.000000,1.000000,97
15.5180,inicio,False,0.0000,33.594,7.476,2.342,True,320,240,90,False,60.00,0.1000,0.000000,0.000000,0.000000,0.000000,0.000000,0.000000,1.000000,99
15.6511,inicio,False,0.0000,33.541,5.243,7.823,True,320,240,90,False,60.00,0.1000,0.000000,0.000000,0.000000,0.000000,0.000000,0.000000,1.000000,101
15.7519,inicio,False,0.0000,33.516,6.891,2.599,True,320,240,90,False,60.00,0.1000,0.000000,0.000000,0.000000,0.000000,0.000000,0.000000,1.000000,102
15.8867,inicio,False,0.0000,33.481,15.368,3.130,True,320,240,90,False,60.00,0.1000,0.000000,0.000000,0.000000,0.000000,0.000000,0.000000,1.000000,104
15.9878,inicio,False,0.0000,33.447,4.789,4.367,True,320,240,90,False,60.00,0.1000,0.000000,0.000000,0.000000,0.000000,0.000000,0.000000,1.000000,106
16.1172,inicio,False,0.0000,33.428,8.262,1.968,True,320,240,90,False,60.00,0.1000,0.000000,0.000000,0.000000,0.000000,0.000000,0.000000,1.000000,108
16.2215,inicio,False,0.0000,33.415,7.124,4.994,True,320,240,90,False,60.00,0.1000,0.000000,0.000000,0.000000,0.000000,0.000000,0.000000,1.000000,109
16.3526,inicio,False,0.0000,33.383,13.739,3.612,True,320,240,90,False,60.00,0.1000,0.000000,0.000000,0.000000,0.000000,0.000000,0.000000,1.000000,111
16.4840,inicio,False,0.0000,33.380,7.039,1.461,True,320,240,90,False,60.00,0.1000,0.000000,0.000000,0.000000,0.000000,0.000000,0.000000,1.000000,113
16.6172,inicio,False,0.0000,33.367,7.240,3.349,True,320,240,90,False,60.00,0.1000,0.000000,0.000000,0.000000,0.000000,0.000000,0.000000,1.000000,115
16.7504,inicio,False,0.0000,33.360,8.086,2.820,True,320,240,90,False,60.00,0.1000,0.000000,0.000000,0.000000,0.000000,0.000000,0.000000,1.000000,117
16.8885,inicio,False,0.0000,33.353,6.311,3.124,True,320,240,90,False,60.00,0.1000,0.000000,0.000000,0.000000,0.000000,0.000000,0.000000,1.000000,119
17.0194,inicio,False,0.0000,33.348,7.398,1.690,True,320,240,90,False,60.00,0.1000,0.000000,0.000000,0.000000,0.000000,0.000000,0.000000,1.000000,121
17.1501,inicio,False,0.0000,33.343,6.699,1.420,True,320,240,90,False,60.00,0.1000,0.000000,0.000000,0.000000,0.000000,0.000000,0.000000,1.000000,123
17.2840,inicio,False,0.0000,33.338,7.228,2.870,True,320,240,90,False,60.00,0.1000,0.000000,0.000000,0.000000,0.000000,0.000000,0.000000,1.000000,125
17.4019,inicio,False,0.0000,32.585,38.381,4.295,True,320,240,90,False,60.00,0.1000,0.000000,0.000000,0.000000,0.000000,0.000000,0.000000,1.000000,127
17.5182,inicio,False,0.0000,33.442,16.020,1.574,True,320,240,90,False,60.00,0.1000,0.000000,0.000000,0.000000,0.000000,0.000000,0.000000,1.000000,128
17.6192,inicio,False,0.0000,33.425,6.220,1.578,True,320,240,90,False,60.00,0.1000,0.000000,0.000000,0.000000,0.000000,0.000000,0.000000,1.000000,130
17.7503,inicio,False,0.0000,33.407,6.131,3.952,True,320,240,90,False,60.00,0.1000,0.000000,0.000000,0.000000,0.000000,0.000000,0.000000,1.000000,132
17.8514,inicio,False,0.0000,33.392,4.738,7.555,True,320,240,90,False,60.00,0.1000,0.000000,0.000000,0.000000,0.000000,0.000000,0.000000,1.000000,133
17.9850,inicio,False,0.0000,33.395,8.999,1.631,True,320,240,90,False,60.00,0.1000,0.000000,0.000000,0.000000,0.000000,0.000000,0.000000,1.000000,135
18.1166,inicio,False,0.0000,33.369,10.583,3.024,True,320,240,90,False,60.00,0.1000,0.000000,0.000000,0.000000,0.000000,0.000000,0.000000,1.000000,137
18.2190,inicio,False,0.0000,33.363,17.331,4.239,True,320,240,90,False,60.00,0.1000,0.000000,0.000000,0.000000,0.000000,0.000000,0.000000,1.000000,139
18.3194,inicio,False,0.0000,33.358,7.008,4.596,True,320,240,90,False,60.00,0.1000,0.000000,0.000000,0.000000,0.000000,0.000000,0.000000,1.000000,141
18.4500,inicio,False,0.0000,33.350,9.273,2.466,True,320,240,90,False,60.00,0.1000,0.000000,0.000000,0.000000,0.000000,0.000000,0.000000,1.000000,143
18.5515,inicio,False,0.0000,33.362,5.793,2.214,True,320,240,90,False,60.00,0.1000,0.000000,0.000000,0.000000,0.000000,0.000000,0.000000,1.000000,144
18.6842,inicio,False,0.0000,33.345,4.903,3.636,True,320,240,90,False,60.00,0.1000,0.000000,0.000000,0.000000,0.000000,0.000000,0.000000,1.000000,146
18.8195,inicio,False,0.0000,33.334,5.119,3.033,True,320,240,90,False,60.00,0.1000,0.000000,0.000000,0.000000,0.000000,0.000000,0.000000,1.000000,148
18.9523,inicio,False,0.0000,33.344,7.029,2.451,True,320,240,90,False,60.00,0.1000,0.000000,0.000000,0.000000,0.000000,0.000000,0.000000,1.000000,150
19.0850,inicio,False,0.0000,33.327,5.997,10.958,True,320,240,90,False,60.00,0.1000,0.000000,0.000000,0.000000,0.000000,0.000000,0.000000,1.000000,152
19.2234,inicio,False,0.0000,33.331,6.804,3.205,True,320,240,90,False,60.00,0.1000,0.000000,0.000000,0.000000,0.000000,0.000000,0.000000,1.000000,154
19.3518,inicio,False,0.0000,33.336,6.165,2.357,True,320,240,90,False,60.00,0.1000,0.000000,0.000000,0.000000,0.000000,0.000000,0.000000,1.000000,156
19.4841,inicio,False,0.0000,33.337,4.858,1.669,True,320,240,90,False,60.00,0.1000,0.000000,0.000000,0.000000,0.000000,0.000000,0.000000,1.000000,158
19.6167,inicio,False,0.0000,33.327,5.832,2.667,True,320,240,90,False,60.00,0.1000,0.000000,0.000000,0.000000,0.000000,0.000000,0.000000,1.000000,160
19.7217,inicio,False,0.0000,33.318,17.484,4.110,True,320,240,90,False,60.00,0.1000,0.000000,0.000000,0.000000,0.000000,0.000000,0.000000,1.000000,162
19.8535,inicio,False,0.0000,33.327,17.906,3.052,True,320,240,90,False,60.00,0.1000,0.000000,0.000000,0.000000,0.000000,0.000000,0.000000,1.000000,164
19.9700,inicio,False,0.0000,34.158,20.358,3.619,True,320,240,90,False,60.00,0.1000,0.000000,0.000000,0.000000,0.000000,0.000000,0.000000,1.000000,166
20.0994,inicio,False,0.0000,34.008,5.712,1.775,True,320,240,90,False,60.00,0.1000,0.000000,0.000000,0.000000,0.000000,0.000000,0.000000,1.000000,167
20.2011,inicio,False,0.0000,33.906,5.228,1.762,True,320,240,90,False,60.00,0.1000,0.000000,0.000000,0.000000,0.000000,0.000000,0.000000,1.000000,169
20.3350,inicio,False,0.0000,33.785,5.407,1.568,True,320,240,90,False,60.00,0.1000,0.000000,0.000000,0.000000,0.000000,0.000000,0.000000,1.000000,171
20.4677,inicio,False,0.0000,33.708,5.623,3.007,True,320,240,90,False,60.00,0.1000,0.000000,0.000000,0.000000,0.000000,0.000000,0.000000,1.000000,173
20.5729,inicio,False,0.0000,33.660,6.952,2.515,True,320,240,90,False,60.00,0.1000,0.000000,0.000000,0.000000,0.000000,0.000000,0.000000,1.000000,174
20.6994,inicio,False,0.0000,33.592,8.497,3.115,True,320,240,90,False,60.00,0.1000,0.000000,0.000000,0.000000,0.000000,0.000000,0.000000,1.000000,176
20.8058,inicio,False,0.0000,33.553,8.274,21.382,True,320,240,90,False,60.00,0.1000,0.000000,0.000000,0.000000,0.000000,0.000000,0.000000,1.000000,178
20.9067,inicio,False,0.0000,35.152,14.461,7.322,True,320,240,90,False,60.00,0.1000,0.000000,0.000000,0.000000,0.000000,0.000000,0.000000,1.000000,179
21.0323,inicio,False,0.0000,34.814,9.097,1.977,True,320,240,90,False,60.00,0.1000,0.000000,0.000000,0.000000,0.000000,0.000000,0.000000,1.000000,181
21.1350,inicio,False,0.0000,34.602,11.838,12.151,True,320,240,90,False,60.00,0.1000,0.000000,0.000000,0.000000,0.000000,0.000000,0.000000,1.000000,183
21.2658,inicio,False,0.0000,34.363,22.510,2.798,True,320,240,90,False,60.00,0.1000,0.000000,0.000000,0.000000,0.000000,0.000000,0.000000,1.000000,185
21.3663,inicio,False,0.0000,34.323,20.319,3.685,True,320,240,90,False,60.00,0.1000,0.000000,0.000000,0.000000,0.000000,0.000000,0.000000,1.000000,186
21.5089,inicio,False,0.0000,35.717,8.784,5.965,True,320,240,90,False,60.00,0.1000,0.000000,0.000000,0.000000,0.000000,0.000000,0.000000,1.000000,189
21.6639,inicio,False,0.0000,35.290,10.971,2.245,True,320,240,90,False,60.00,0.1000,0.000000,0.000000,0.000000,0.000000,0.000000,0.000000,1.000000,191
21.7650,inicio,False,0.0000,35.766,38.474,4.348,True,320,240,90,False,60.00,0.1000,0.000000,0.000000,0.000000,0.000000,0.000000,0.000000,1.000000,193
21.8826,inicio,False,0.0000,36.897,26.817,14.642,True,320,240,90,False,60.00,0.1000,0.000000,0.000000,0.000000,0.000000,0.000000,0.000000,1.000000,194
22.0109,inicio,False,0.0000,38.958,5.818,6.638,True,320,240,90,False,60.00,0.1000,0.000000,0.000000,0.000000,0.000000,0.000000,0.000000,1.000000,196
22.1321,inicio,False,0.0000,37.917,28.834,3.228,True,320,240,90,False,60.00,0.1000,0.000000,0.000000,0.000000,0.000000,0.000000,0.000000,1.000000,198
22.2656,inicio,False,0.0000,37.065,24.425,3.174,True,320,240,90,False,60.00,0.1000,0.000000,0.000000,0.000000,0.000000,0.000000,0.000000,1.000000,200
22.3666,inicio,False,0.0000,36.533,10.068,2.311,True,320,240,90,False,60.00,0.1000,0.000000,0.000000,0.000000,0.000000,0.000000,0.000000,1.000000,201
22.4681,inicio,False,0.0000,36.076,15.819,2.275,True,320,240,90,False,60.00,0.1000,0.000000,0.000000,0.000000,0.000000,0.000000,0.000000,1.000000,203
22.5766,inicio,False,0.0000,35.680,33.692,4.617,True,320,240,90,False,60.00,0.1000,0.000000,0.000000,0.000000,0.000000,0.000000,0.000000,1.000000,205
22.6855,inicio,False,0.0000,36.129,19.979,2.652,True,320,240,90,False,60.00,0.1000,0.000000,0.000000,0.000000,0.000000,0.000000,0.000000,1.000000,206
22.8200,inicio,False,0.0000,35.605,23.357,2.359,True,320,240,90,False,60.00,0.1000,0.000000,0.000000,0.000000,0.000000,0.000000,0.000000,1.000000,208
22.9599,inicio,False,0.0000,35.144,20.296,2.426,True,320,240,90,False,60.00,0.1000,0.000000,0.000000,0.000000,0.000000,0.000000,0.000000,1.000000,210
23.0899,inicio,False,0.0000,34.797,19.302,8.314,True,320,240,90,False,60.00,0.1000,0.000000,0.000000,0.000000,0.000000,0.000000,0.000000,1.000000,212
23.1982,inicio,False,0.0000,35.358,10.810,3.589,True,320,240,90,False,60.00,0.1000,0.000000,0.000000,0.000000,0.000000,0.000000,0.000000,1.000000,214
23.3026,inicio,False,0.0000,35.079,6.709,2.968,True,320,240,90,False,60.00,0.1000,0.000000,0.000000,0.000000,0.000000,0.000000,0.000000,1.000000,215
23.4316,inicio,False,0.0000,34.745,5.735,1.719,True,320,240,90,False,60.00,0.1000,0.000000,0.000000,0.000000,0.000000,0.000000,0.000000,1.000000,217
23.5332,inicio,False,0.0000,35.138,5.853,1.549,True,320,240,90,False,60.00,0.1000,0.000000,0.000000,0.000000,0.000000,0.000000,0.000000,1.000000,219
23.6654,inicio,False,0.0000,34.285,5.283,1.569,True,320,240,90,False,60.00,0.1000,0.000000,0.000000,0.000000,0.000000,0.000000,0.000000,1.000000,221
23.7672,inicio,False,0.0000,34.151,5.738,1.879,True,320,240,90,False,60.00,0.1000,0.000000,0.000000,0.000000,0.000000,0.000000,0.000000,1.000000,222
23.8826,inicio,False,0.0000,32.897,16.338,1.683,True,320,240,90,False,60.00,0.1000,0.000000,0.000000,0.000000,0.000000,0.000000,0.000000,1.000000,224
23.9879,inicio,False,0.0000,33.241,1.010,2.923,True,320,240,90,False,60.00,0.1000,0.000000,0.000000,0.000000,0.000000,0.000000,0.000000,1.000000,226
24.1148,inicio,False,0.0000,33.256,19.813,1.875,True,320,240,90,False,60.00,0.1000,0.000000,0.000000,0.000000,0.000000,0.000000,0.000000,1.000000,228
24.2481,inicio,False,0.0000,33.284,21.794,2.563,True,320,240,90,False,60.00,0.1000,0.000000,0.000000,0.000000,0.000000,0.000000,0.000000,1.000000,229
24.3570,inicio,False,0.0000,33.291,18.981,4.938,True,320,240,90,False,60.00,0.1000,0.000000,0.000000,0.000000,0.000000,0.000000,0.000000,1.000000,231
24.4811,inicio,False,0.0000,33.286,24.713,1.717,True,320,240,90,False,60.00,0.1000,0.000000,0.000000,0.000000,0.000000,0.000000,0.000000,1.000000,233
24.6195,inicio,False,0.0000,33.277,15.687,4.641,True,320,240,90,False,60.00,0.1000,0.000000,0.000000,0.000000,0.000000,0.000000,0.000000,1.000000,235
24.7476,inicio,False,0.0000,33.294,22.647,1.771,True,320,240,90,False,60.00,0.1000,0.000000,0.000000,0.000000,0.000000,0.000000,0.000000,1.000000,237
24.8503,inicio,False,0.0000,33.338,20.713,2.328,True,320,240,90,False,60.00,0.1000,0.000000,0.000000,0.000000,0.000000,0.000000,0.000000,1.000000,239
24.9819,inicio,False,0.0000,33.306,24.567,1.983,True,320,240,90,False,60.00,0.1000,0.000000,0.000000,0.000000,0.000000,0.000000,0.000000,1.000000,241
25.0897,inicio,False,0.0000,33.306,27.282,1.772,True,320,240,90,False,60.00,0.1000,0.000000,0.000000,0.000000,0.000000,0.000000,0.000000,1.000000,242
25.2154,inicio,False,0.0000,33.305,18.282,6.221,True,320,240,90,False,60.00,0.1000,0.000000,0.000000,0.000000,0.000000,0.000000,0.000000,1.000000,244
25.3504,inicio,False,0.0000,33.308,19.898,7.732,True,320,240,90,False,60.00,0.1000,0.000000,0.000000,0.000000,0.000000,0.000000,0.000000,1.000000,246
25.4892,inicio,False,0.0000,33.311,21.626,6.827,True,320,240,90,False,60.00,0.1000,0.000000,0.000000,0.000000,0.000000,0.000000,0.000000,1.000000,248
25.6145,inicio,False,0.0000,33.313,21.948,3.012,True,320,240,90,False,60.00,0.1000,0.000000,0.000000,0.000000,0.000000,0.000000,0.000000,1.000000,250
25.7485,inicio,False,0.0000,33.315,20.497,2.194,True,320,240,90,False,60.00,0.1000,0.000000,0.000000,0.000000,0.000000,0.000000,0.000000,1.000000,252
25.8810,inicio,False,0.0000,33.316,20.964,1.535,True,320,240,90,False,60.00,0.1000,0.000000,0.000000,0.000000,0.000000,0.000000,0.000000,1.000000,254
25.9814,inicio,False,0.0000,33.316,21.606,1.537,True,320,240,90,False,60.00,0.1000,0.000000,0.000000,0.000000,0.000000,0.000000,0.000000,1.000000,256
26.0825,inicio,False,0.0000,33.317,21.390,1.487,True,320,240,90,False,60.00,0.1000,0.000000,0.000000,0.000000,0.000000,0.000000,0.000000,1.000000,257
26.2138,inicio,False,0.0000,33.318,26.479,6.401,True,320,240,90,False,60.00,0.1000,0.000000,0.000000,0.000000,0.000000,0.000000,0.000000,1.000000,259
26.3332,inicio,False,0.0000,34.119,14.729,11.117,True,320,240,90,False,60.00,0.1000,0.000000,0.000000,0.000000,0.000000,0.000000,0.000000,1.000000,261
26.4640,inicio,False,0.0000,33.966,5.434,1.519,True,320,240,90,False,60.00,0.1000,0.000000,0.000000,0.000000,0.000000,0.000000,0.000000,1.000000,263
26.5644,inicio,False,0.0000,33.879,6.078,1.934,True,320,240,90,False,60.00,0.1000,0.000000,0.000000,0.000000,0.000000,0.000000,0.000000,1.000000,264
26.6648,inicio,False,0.0000,33.789,5.865,3.148,True,320,240,90,False,60.00,0.1000,0.000000,0.000000,0.000000,0.000000,0.000000,0.000000,1.000000,266
26.7994,inicio,False,0.0000,33.705,9.246,10.351,True,320,240,90,False,60.00,0.1000,0.000000,0.000000,0.000000,0.000000,0.000000,0.000000,1.000000,268
26.9006,inicio,False,0.0000,33.660,11.387,2.493,True,320,240,90,False,60.00,0.1000,0.000000,0.000000,0.000000,0.000000,0.000000,0.000000,1.000000,269
27.0318,inicio,False,0.0000,33.587,19.641,2.490,True,320,240,90,False,60.00,0.1000,0.000000,0.000000,0.000000,0.000000,0.000000,0.000000,1.000000,272
27.1742,inicio,False,0.0000,33.552,14.921,2.456,True,320,240,90,False,60.00,0.1000,0.000000,0.000000,0.000000,0.000000,0.000000,0.000000,1.000000,274
27.3249,inicio,False,0.0000,33.770,9.586,6.020,True,320,240,90,False,60.00,0.1000,0.000000,0.000000,0.000000,0.000000,0.000000,0.000000,1.000000,276
27.4474,inicio,False,0.0000,34.164,16.421,3.565,True,320,240,90,False,60.00,0.1000,0.000000,0.000000,0.000000,0.000000,0.000000,0.000000,1.000000,277
27.5547,inicio,False,0.0000,34.050,1.090,15.491,True,320,240,90,False,60.00,0.1000,0.000000,0.000000,0.000000,0.000000,0.000000,0.000000,1.000000,279
27.6896,inicio,False,0.0000,33.919,9.775,3.436,True,320,240,90,False,60.00,0.1000,0.000000,0.000000,0.000000,0.000000,0.000000,0.000000,1.000000,281
27.8140,inicio,False,0.0000,33.804,24.120,5.274,True,320,240,90,False,60.00,0.1000,0.000000,0.000000,0.000000,0.000000,0.000000,0.000000,1.000000,283
27.9192,inicio,False,0.0000,33.731,15.069,2.370,True,320,240,90,False,60.00,0.1000,0.000000,0.000000,0.000000,0.000000,0.000000,0.000000,1.000000,284
28.0467,inicio,False,0.0000,33.661,1.072,2.224,True,320,240,90,False,60.00,0.1000,0.000000,0.000000,0.000000,0.000000,0.000000,0.000000,1.000000,286
28.1496,inicio,False,0.0000,33.611,19.907,5.442,True,320,240,90,False,60.00,0.1000,0.000000,0.000000,0.000000,0.000000,0.000000,0.000000,1.000000,288
28.2500,inicio,False,0.0000,33.573,18.614,1.568,True,320,240,90,False,60.00,0.1000,0.000000,0.000000,0.000000,0.000000,0.000000,0.000000,1.000000,290
28.3859,inicio,False,0.0000,33.522,22.018,8.284,True,320,240,90,False,60.00,0.1000,0.000000,0.000000,0.000000,0.000000,0.000000,0.000000,1.000000,292
28.5206,inicio,False,0.0000,33.484,18.033,2.554,True,320,240,90,False,60.00,0.1000,0.000000,0.000000,0.000000,0.000000,0.000000,0.000000,1.000000,293
28.6462,inicio,False,0.0000,33.454,26.035,1.609,True,320,240,90,False,60.00,0.1000,0.000000,0.000000,0.000000,0.000000,0.000000,0.000000,1.000000,295
28.7567,inicio,False,0.0000,33.439,20.408,9.410,True,320,240,90,False,60.00,0.1000,0.000000,0.000000,0.000000,0.000000,0.000000,0.000000,1.000000,297
28.8963,inicio,False,0.0000,33.421,29.354,4.317,True,320,240,90,False,60.00,0.1000,0.000000,0.000000,0.000000,0.000000,0.000000,0.000000,1.000000,299
29.0160,inicio,False,0.0000,33.397,25.272,1.961,True,320,240,90,False,60.00,0.1000,0.000000,0.000000,0.000000,0.000000,0.000000,0.000000,1.000000,301
29.1575,inicio,False,0.0000,33.381,22.598,4.076,True,320,240,90,False,60.00,0.1000,0.000000,0.000000,0.000000,0.000000,0.000000,0.000000,1.000000,303
29.2637,inicio,False,0.0000,34.193,24.871,2.644,True,320,240,90,False,60.00,0.1000,0.000000,0.000000,0.000000,0.000000,0.000000,0.000000,1.000000,305
29.3638,inicio,False,0.0000,34.049,18.047,4.344,True,320,240,90,False,60.00,0.1000,0.000000,0.000000,0.000000,0.000000,0.000000,0.000000,1.000000,306
29.4641,inicio,False,0.0000,34.807,6.532,2.253,True,320,240,90,False,60.00,0.1000,0.000000,0.000000,0.000000,0.000000,0.000000,0.000000,1.000000,308
29.5673,inicio,False,0.0000,34.598,9.992,4.231,True,320,240,90,False,60.00,0.1000,0.000000,0.000000,0.000000,0.000000,0.000000,0.000000,1.000000,310
29.6925,inicio,False,0.0000,34.362,13.949,5.229,True,320,240,90,False,60.00,0.1000,0.000000,0.000000,0.000000,0.000000,0.000000,0.000000,1.000000,312
29.8339,inicio,False,0.0000,34.995,19.333,6.548,True,320,240,90,False,60.00,0.1000,0.000000,0.000000,0.000000,0.000000,0.000000,0.000000,1.000000,314
29.9835,inicio,False,0.0000,35.519,14.753,4.105,True,320,240,90,False,60.00,0.1000,0.000000,0.000000,0.000000,0.000000,0.000000,0.000000,1.000000,316
30.0948,inicio,False,0.0000,38.746,14.753,4.105,True,320,240,90,False,60.00,0.1000,0.000000,0.000000,0.000000,0.000000,0.000000,0.000000,1.000000,316
30.2192,inicio,False,0.0000,37.738,26.317,1.873,True,320,240,90,False,60.00,0.1000,0.000000,0.000000,0.000000,0.000000,0.000000,0.000000,1.000000,318
30.3711,inicio,False,0.0000,37.754,9.183,3.301,True,320,240,90,False,60.00,0.1000,0.000000,0.000000,0.000000,0.000000,0.000000,0.000000,1.000000,321
30.4964,inicio,False,0.0000,36.929,5.466,1.595,True,320,240,90,False,60.00,0.1000,0.000000,0.000000,0.000000,0.000000,0.000000,0.000000,1.000000,322
30.5975,inicio,False,0.0000,36.413,6.930,2.700,True,320,240,90,False,60.00,0.1000,0.000000,0.000000,0.000000,0.000000,0.000000,0.000000,1.000000,324
30.7295,inicio,False,0.0000,35.839,6.071,4.082,True,320,240,90,False,60.00,0.1000,0.000000,0.000000,0.000000,0.000000,0.000000,0.000000,1.000000,326
30.8622,inicio,False,0.0000,35.371,6.258,1.501,True,320,240,90,False,60.00,0.1000,0.000000,0.000000,0.000000,0.000000,0.000000,0.000000,1.000000,328
30.9638,inicio,False,0.0000,35.080,5.273,8.682,True,320,240,90,False,60.00,0.1000,0.000000,0.000000,0.000000,0.000000,0.000000,0.000000,1.000000,329
31.0956,inicio,False,0.0000,34.754,5.331,1.439,True,320,240,90,False,60.00,0.1000,0.000000,0.000000,0.000000,0.000000,0.000000,0.000000,1.000000,331
31.1958,inicio,False,0.0000,34.550,5.717,3.178,True,320,240,90,False,60.00,0.1000,0.000000,0.000000,0.000000,0.000000,0.000000,0.000000,1.000000,333
31.3290,inicio,False,0.0000,34.322,5.173,4.850,True,320,240,90,False,60.00,0.1000,0.000000,0.000000,0.000000,0.000000,0.000000,0.000000,1.000000,335
31.4291,inicio,False,0.0000,34.182,5.649,1.447,True,320,240,90,False,60.00,0.1000,0.000000,0.000000,0.000000,0.000000,0.000000,0.000000,1.000000,336
31.5621,inicio,False,0.0000,34.022,5.193,3.911,True,320,240,90,False,60.00,0.1000,0.000000,0.000000,0.000000,0.000000,0.000000,0.000000,1.000000,338
31.6632,inicio,False,0.0000,33.969,5.219,2.565,True,320,240,90,False,60.00,0.1000,0.000000,0.000000,0.000000,0.000000,0.000000,0.000000,1.000000,340
31.7956,inicio,False,0.0000,33.815,6.442,1.631,True,320,240,90,False,60.00,0.1000,0.000000,0.000000,0.000000,0.000000,0.000000,0.000000,1.000000,342
31.9286,inicio,False,0.0000,33.711,6.611,2.142,True,320,240,90,False,60.00,0.1000,0.000000,0.000000,0.000000,0.000000,0.000000,0.000000,1.000000,344
32.0287,inicio,False,0.0000,33.654,5.418,1.414,True,320,240,90,False,60.00,0.1000,0.000000,0.000000,0.000000,0.000000,0.000000,0.000000,1.000000,345
32.1295,inicio,False,0.0000,33.627,6.441,2.241,True,320,240,90,False,60.00,0.1000,0.000000,0.000000,0.000000,0.000000,0.000000,0.000000,1.000000,347
32.2619,inicio,False,0.0000,33.561,6.132,6.805,True,320,240,90,False,60.00,0.1000,0.000000,0.000000,0.000000,0.000000,0.000000,0.000000,1.000000,349
32.3948,inicio,False,0.0000,33.515,5.822,4.713,True,320,240,90,False,60.00,0.1000,0.000000,0.000000,0.000000,0.000000,0.000000,0.000000,1.000000,351
32.4952,inicio,False,0.0000,33.480,5.632,3.013,True,320,240,90,False,60.00,0.1000,0.000000,0.000000,0.000000,0.000000,0.000000,0.000000,1.000000,352
32.6283,inicio,False,0.0000,33.457,5.989,1.493,True,320,240,90,False,60.00,0.1000,0.000000,0.000000,0.000000,0.000000,0.000000,0.000000,1.000000,354
32.7460,inicio,False,0.0000,32.711,21.417,2.344,True,320,240,90,False,60.00,0.1000,0.000000,0.000000,0.000000,0.000000,0.000000,0.000000,1.000000,356
32.8808,inicio,False,0.0000,32.824,22.702,3.447,True,320,240,90,False,60.00,0.1000,0.000000,0.000000,0.000000,0.000000,0.000000,0.000000,1.000000,358
33.0123,inicio,False,0.0000,32.918,20.133,1.555,True,320,240,90,False,60.00,0.1000,0.000000,0.000000,0.000000,0.000000,0.000000,0.000000,1.000000,360
33.1452,inicio,False,0.0000,32.992,21.354,1.711,True,320,240,90,False,60.00,0.1000,0.000000,0.000000,0.000000,0.000000,0.000000,0.000000,1.000000,362
33.2782,inicio,False,0.0000,33.053,22.712,1.484,True,320,240,90,False,60.00,0.1000,0.000000,0.000000,0.000000,0.000000,0.000000,0.000000,1.000000,364
33.3805,inicio,False,0.0000,33.091,24.748,6.582,True,320,240,90,False,60.00,0.1000,0.000000,0.000000,0.000000,0.000000,0.000000,0.000000,1.000000,366
33.4811,inicio,False,0.0000,33.123,23.404,1.710,True,320,240,90,False,60.00,0.1000,0.000000,0.000000,0.000000,0.000000,0.000000,0.000000,1.000000,367
33.5818,inicio,False,0.0000,33.156,1.470,2.038,True,320,240,90,False,60.00,0.1000,0.000000,0.000000,0.000000,0.000000,0.000000,0.000000,1.000000,369
33.7154,inicio,False,0.0000,33.186,21.016,1.907,True,320,240,90,False,60.00,0.1000,0.000000,0.000000,0.000000,0.000000,0.000000,0.000000,1.000000,370
33.8983,inicio,False,0.0000,35.704,1.083,2.113,True,320,240,90,False,60.00,0.1000,0.000000,0.000000,0.000000,0.000000,0.000000,0.000000,1.000000,372
34.0291,inicio,False,0.0000,35.349,6.228,1.589,True,320,240,90,False,60.00,0.1000,0.000000,0.000000,0.000000,0.000000,0.000000,0.000000,1.000000,374
34.1296,inicio,False,0.0000,35.011,5.557,2.685,True,320,240,90,False,60.00,0.1000,0.000000,0.000000,0.000000,0.000000,0.000000,0.000000,1.000000,376
34.2617,inicio,False,0.0000,34.669,6.839,1.551,True,320,240,90,False,60.00,0.1000,0.000000,0.000000,0.000000,0.000000,0.000000,0.000000,1.000000,378
34.3624,inicio,False,0.0000,34.490,5.501,2.461,True,320,240,90,False,60.00,0.1000,0.000000,0.000000,0.000000,0.000000,0.000000,0.000000,1.000000,379
34.4955,inicio,False,0.0000,34.265,6.589,2.950,True,320,240,90,False,60.00,0.1000,0.000000,0.000000,0.000000,0.000000,0.000000,0.000000,1.000000,381
34.6279,inicio,False,0.0000,34.092,6.431,1.792,True,320,240,90,False,60.00,0.1000,0.000000,0.000000,0.000000,0.000000,0.000000,0.000000,1.000000,383
34.7478,inicio,False,0.0000,33.180,18.798,2.171,True,320,240,90,False,60.00,0.1000,0.000000,0.000000,0.000000,0.000000,0.000000,0.000000,1.000000,385
34.8557,inicio,False,0.0000,33.201,18.672,3.625,True,320,240,90,False,60.00,0.1000,0.000000,0.000000,0.000000,0.000000,0.000000,0.000000,1.000000,387
34.9776,inicio,False,0.0000,33.223,25.648,1.740,True,320,240,90,False,60.00,0.1000,0.000000,0.000000,0.000000,0.000000,0.000000,0.000000,1.000000,389
35.0779,inicio,False,0.0000,33.237,19.423,1.670,True,320,240,90,False,60.00,0.1000,0.000000,0.000000,0.000000,0.000000,0.000000,0.000000,1.000000,390
35.1785,inicio,False,0.0000,33.250,21.229,3.459,True,320,240,90,False,60.00,0.1000,0.000000,0.000000,0.000000,0.000000,0.000000,0.000000,1.000000,391
35.3108,inicio,False,0.0000,33.262,23.569,2.126,True,320,240,90,False,60.00,0.1000,0.000000,0.000000,0.000000,0.000000,0.000000,0.000000,1.000000,394
35.4170,inicio,False,0.0000,33.271,22.519,2.683,True,320,240,90,False,60.00,0.1000,0.000000,0.000000,0.000000,0.000000,0.000000,0.000000,1.000000,395
35.5452,inicio,False,0.0000,33.282,21.341,1.470,True,320,240,90,False,60.00,0.1000,0.000000,0.000000,0.000000,0.000000,0.000000,0.000000,1.000000,397
35.6778,inicio,False,0.0000,33.289,20.831,1.546,True,320,240,90,False,60.00,0.1000,0.000000,0.000000,0.000000,0.000000,0.000000,0.000000,1.000000,399
35.7783,inicio,False,0.0000,33.294,22.185,1.613,True,320,240,90,False,60.00,0.1000,0.000000,0.000000,0.000000,0.000000,0.000000,0.000000,1.000000,401
35.8858,inicio,False,0.0000,33.295,16.107,3.789,True,320,240,90,False,60.00,0.1000,0.000000,0.000000,0.000000,0.000000,0.000000,0.000000,1.000000,403
36.0106,inicio,False,0.0000,33.300,15.829,1.426,True,320,240,90,False,60.00,0.1000,0.000000,0.000000,0.000000,0.000000,0.000000,0.000000,1.000000,404
36.1438,inicio,False,0.0000,33.306,20.497,1.519,True,320,240,90,False,60.00,0.1000,0.000000,0.000000,0.000000,0.000000,0.000000,0.000000,1.000000,406
36.2803,inicio,False,0.0000,33.309,21.746,1.607,True,320,240,90,False,60.00,0.1000,0.000000,0.000000,0.000000,0.000000,0.000000,0.000000,1.000000,408
36.4136,inicio,False,0.0000,33.420,32.162,1.839,True,320,240,90,False,60.00,0.1000,0.000000,0.000000,0.000000,0.000000,0.000000,0.000000,1.000000,410
36.5439,inicio,False,0.0000,33.404,9.769,1.564,True,320,240,90,False,60.00,0.1000,0.000000,0.000000,0.000000,0.000000,0.000000,0.000000,1.000000,412
36.6770,inicio,False,0.0000,33.387,20.237,1.496,True,320,240,90,False,60.00,0.1000,0.000000,0.000000,0.000000,0.000000,0.000000,0.000000,1.000000,414
36.7794,inicio,False,0.0000,33.376,19.663,1.377,True,320,240,90,False,60.00,0.1000,0.000000,0.000000,0.000000,0.000000,0.000000,0.000000,1.000000,416
36.9113,inicio,False,0.0000,33.368,22.205,1.568,True,320,240,90,False,60.00,0.1000,0.000000,0.000000,0.000000,0.000000,0.000000,0.000000,1.000000,417
37.0126,inicio,False,0.0000,33.362,1.085,1.416,True,320,240,90,False,60.00,0.1000,0.000000,0.000000,0.000000,0.000000,0.000000,0.000000,1.000000,419
37.1458,inicio,False,0.0000,33.356,21.391,4.722,True,320,240,90,False,60.00,0.1000,0.000000,0.000000,0.000000,0.000000,0.000000,0.000000,1.000000,421
37.2799,inicio,False,0.0000,33.350,20.969,6.910,True,320,240,90,False,60.00,0.1000,0.000000,0.000000,0.000000,0.000000,0.000000,0.000000,1.000000,423
37.4128,inicio,False,0.0000,33.343,19.689,6.203,True,320,240,90,False,60.00,0.1000,0.000000,0.000000,0.000000,0.000000,0.000000,0.000000,1.000000,425
37.5455,inicio,False,0.0000,33.350,22.475,1.478,True,320,240,90,False,60.00,0.1000,0.000000,0.000000,0.000000,0.000000,0.000000,0.000000,1.000000,427
37.6770,inicio,False,0.0000,33.335,21.231,1.511,True,320,240,90,False,60.00,0.1000,0.000000,0.000000,0.000000,0.000000,0.000000,0.000000,1.000000,429
37.7782,inicio,False,0.0000,33.328,19.675,1.833,True,320,240,90,False,60.00,0.1000,0.000000,0.000000,0.000000,0.000000,0.000000,0.000000,1.000000,431
37.8799,inicio,False,0.0000,33.333,18.411,1.481,True,320,240,90,False,60.00,0.1000,0.000000,0.000000,0.000000,0.000000,0.000000,0.000000,1.000000,432
38.0107,inicio,False,0.0000,33.329,20.419,1.487,True,320,240,90,False,60.00,0.1000,0.000000,0.000000,0.000000,0.000000,0.000000,0.000000,1.000000,434
38.1433,inicio,False,0.0000,33.323,23.772,2.141,True,320,240,90,False,60.00,0.1000,0.000000,0.000000,0.000000,0.000000,0.000000,0.000000,1.000000,436
38.2433,inicio,False,0.0000,33.317,21.002,2.283,True,320,240,90,False,60.00,0.1000,0.000000,0.000000,0.000000,0.000000,0.000000,0.000000,1.000000,438
38.3506,inicio,False,0.0000,33.330,14.375,2.756,True,320,240,90,False,60.00,0.1000,0.000000,0.000000,0.000000,0.000000,0.000000,0.000000,1.000000,440
38.4821,inicio,False,0.0000,33.326,18.321,3.393,True,320,240,90,False,60.00,0.1000,0.000000,0.000000,0.000000,0.000000,0.000000,0.000000,1.000000,441
38.6119,inicio,False,0.0000,33.325,23.581,1.459,True,320,240,90,False,60.00,0.1000,0.000000,0.000000,0.000000,0.000000,0.000000,0.000000,1.000000,443
38.7436,inicio,False,0.0000,33.330,21.646,1.716,True,320,240,90,False,60.00,0.1000,0.000000,0.000000,0.000000,0.000000,0.000000,0.000000,1.000000,445
38.8488,inicio,False,0.0000,33.323,1.119,1.491,True,320,240,90,False,60.00,0.1000,0.000000,0.000000,0.000000,0.000000,0.000000,0.000000,1.000000,447
38.9763,inicio,False,0.0000,33.317,21.301,1.686,True,320,240,90,False,60.00,0.1000,0.000000,0.000000,0.000000,0.000000,0.000000,0.000000,1.000000,449
39.0775,inicio,False,0.0000,33.325,22.414,1.605,True,320,240,90,False,60.00,0.1000,0.000000,0.000000,0.000000,0.000000,0.000000,0.000000,1.000000,450
39.2111,inicio,False,0.0000,33.322,21.661,1.749,True,320,240,90,False,60.00,0.1000,0.000000,0.000000,0.000000,0.000000,0.000000,0.000000,1.000000,452
39.3573,inicio,False,0.0000,33.323,8.896,5.916,True,320,240,90,False,60.00,0.1000,0.000000,0.000000,0.000000,0.000000,0.000000,0.000000,1.000000,455
39.4784,inicio,False,0.0000,33.322,20.216,1.729,True,320,240,90,False,60.00,0.1000,0.000000,0.000000,0.000000,0.000000,0.000000,0.000000,1.000000,456
39.6111,inicio,False,0.0000,33.329,20.175,2.196,True,320,240,90,False,60.00,0.1000,0.000000,0.000000,0.000000,0.000000,0.000000,0.000000,1.000000,458
39.7431,inicio,False,0.0000,33.324,10.331,1.750,True,320,240,90,False,60.00,0.1000,0.000000,0.000000,0.000000,0.000000,0.000000,0.000000,1.000000,460
39.8518,inicio,False,0.0000,33.321,11.958,11.632,True,320,240,90,False,60.00,0.1000,0.000000,0.000000,0.000000,0.000000,0.000000,0.000000,1.000000,462
39.9766,inicio,False,0.0000,33.322,21.339,1.611,True,320,240,90,False,60.00,0.1000,0.000000,0.000000,0.000000,0.000000,0.000000,0.000000,1.000000,463
40.0816,inicio,False,0.0000,33.325,1.425,2.986,True,320,240,90,False,60.00,0.1000,0.000000,0.000000,0.000000,0.000000,0.000000,0.000000,1.000000,465
40.1876,inicio,False,0.0000,33.331,13.599,4.739,True,320,240,90,False,60.00,0.1000,0.000000,0.000000,0.000000,0.000000,0.000000,0.000000,1.000000,467
40.3092,inicio,False,0.0000,33.321,23.058,3.127,True,320,240,90,False,60.00,0.1000,0.000000,0.000000,0.000000,0.000000,0.000000,0.000000,1.000000,469
40.4094,inicio,False,0.0000,33.318,23.249,1.943,True,320,240,90,False,60.00,0.1000,0.000000,0.000000,0.000000,0.000000,0.000000,0.000000,1.000000,470
40.5103,inicio,False,0.0000,33.338,19.746,2.546,True,320,240,90,False,60.00,0.1000,0.000000,0.000000,0.000000,0.000000,0.000000,0.000000,1.000000,472
40.6190,inicio,False,0.0000,33.344,17.905,2.291,True,320,240,90,False,60.00,0.1000,0.000000,0.000000,0.000000,0.000000,0.000000,0.000000,1.000000,473
40.7377,inicio,False,0.0000,34.130,22.757,3.839,True,320,240,90,False,60.00,0.1000,0.000000,0.000000,0.000000,0.000000,0.000000,0.000000,1.000000,475
40.8592,inicio,False,0.0000,33.973,19.325,1.573,True,320,240,90,False,60.00,0.1000,0.000000,0.000000,0.000000,0.000000,0.000000,0.000000,1.000000,477
40.9924,inicio,False,0.0000,33.835,19.751,1.464,True,320,240,90,False,60.00,0.1000,0.000000,0.000000,0.000000,0.000000,0.000000,0.000000,1.000000,479
41.1296,inicio,False,0.0000,33.737,22.553,7.197,True,320,240,90,False,60.00,0.1000,0.000000,0.000000,0.000000,0.000000,0.000000,0.000000,1.000000,481
41.2588,inicio,False,0.0000,33.666,21.253,1.555,True,320,240,90,False,60.00,0.1000,0.000000,0.000000,0.000000,0.000000,0.000000,0.000000,1.000000,483
41.3591,inicio,False,0.0000,33.618,22.706,1.968,True,320,240,90,False,60.00,0.1000,0.000000,0.000000,0.000000,0.000000,0.000000,0.000000,1.000000,485
41.4928,inicio,False,0.0000,33.563,20.786,2.177,True,320,240,90,False,60.00,0.1000,0.000000,0.000000,0.000000,0.000000,0.000000,0.000000,1.000000,487
41.5932,inicio,False,0.0000,33.529,27.312,1.746,True,320,240,90,False,60.00,0.1000,0.000000,0.000000,0.000000,0.000000,0.000000,0.000000,1.000000,488
41.7256,inicio,False,0.0000,33.493,25.491,3.475,True,320,240,90,False,60.00,0.1000,0.000000,0.000000,0.000000,0.000000,0.000000,0.000000,1.000000,490
41.8586,inicio,False,0.0000,33.458,21.780,1.492,True,320,240,90,False,60.00,0.1000,0.000000,0.000000,0.000000,0.000000,0.000000,0.000000,1.000000,492
41.9599,inicio,False,0.0000,33.438,21.202,1.853,True,320,240,90,False,60.00,0.1000,0.000000,0.000000,0.000000,0.000000,0.000000,0.000000,1.000000,493
42.0645,inicio,False,0.0000,33.423,15.944,8.796,True,320,240,90,False,60.00,0.1000,0.000000,0.000000,0.000000,0.000000,0.000000,0.000000,1.000000,495
42.1922,inicio,False,0.0000,33.404,21.504,1.493,True,320,240,90,False,60.00,0.1000,0.000000,0.000000,0.000000,0.000000,0.000000,0.000000,1.000000,497
42.3253,inicio,False,0.0000,33.399,22.972,1.544,True,320,240,90,False,60.00,0.1000,0.000000,0.000000,0.000000,0.000000,0.000000,0.000000,1.000000,499
42.4284,inicio,False,0.0000,33.380,18.607,1.516,True,320,240,90,False,60.00,0.1000,0.000000,0.000000,0.000000,0.000000,0.000000,0.000000,1.000000,501
42.5583,inicio,False,0.0000,33.367,21.654,1.593,True,320,240,90,False,60.00,0.1000,0.000000,0.000000,0.000000,0.000000,0.000000,0.000000,1.000000,503
42.6918,inicio,False,0.0000,33.360,21.365,1.666,True,320,240,90,False,60.00,0.1000,0.000000,0.000000,0.000000,0.000000,0.000000,0.000000,1.000000,505
42.8257,inicio,False,0.0000,33.353,21.281,1.440,True,320,240,90,False,60.00,0.1000,0.000000,0.000000,0.000000,0.000000,0.000000,0.000000,1.000000,507
42.9584,inicio,False,0.0000,33.347,21.641,1.752,True,320,240,90,False,60.00,0.1000,0.000000,0.000000,0.000000,0.000000,0.000000,0.000000,1.000000,509
43.0916,inicio,False,0.0000,33.343,21.986,5.736,True,320,240,90,False,60.00,0.1000,0.000000,0.000000,0.000000,0.000000,0.000000,0.000000,1.000000,511
43.2248,inicio,False,0.0000,33.339,21.621,1.876,True,320,240,90,False,60.00,0.1000,0.000000,0.000000,0.000000,0.000000,0.000000,0.000000,1.000000,513
43.3263,inicio,False,0.0000,33.337,19.705,1.601,True,320,240,90,False,60.00,0.1000,0.000000,0.000000,0.000000,0.000000,0.000000,0.000000,1.000000,514
43.4581,inicio,False,0.0000,33.335,22.607,3.039,True,320,240,90,False,60.00,0.1000,0.000000,0.000000,0.000000,0.000000,0.000000,0.000000,1.000000,516
43.5635,inicio,False,0.0000,33.332,20.770,1.537,True,320,240,90,False,60.00,0.1000,0.000000,0.000000,0.000000,0.000000,0.000000,0.000000,1.000000,517
43.6915,inicio,False,0.0000,33.330,14.449,8.538,True,320,240,90,False,60.00,0.1000,0.000000,0.000000,0.000000,0.000000,0.000000,0.000000,1.000000,519
43.8141,inicio,False,0.0000,34.121,6.905,22.321,True,320,240,90,False,60.00,0.1000,0.000000,0.000000,0.000000,0.000000,0.000000,0.000000,1.000000,522
43.9416,inicio,False,0.0000,33.972,4.901,12.473,True,320,240,90,False,60.00,0.1000,0.000000,0.000000,0.000000,0.000000,0.000000,0.000000,1.000000,523
44.0570,inicio,False,0.0000,34.121,8.892,16.184,True,320,240,90,False,60.00,0.1000,0.000000,0.000000,0.000000,0.000000,0.000000,0.000000,1.000000,525
44.1592,inicio,False,0.0000,34.634,6.574,12.716,True,320,240,90,False,60.00,0.1000,0.000000,0.000000,0.000000,0.000000,0.000000,0.000000,1.000000,527
44.2931,inicio,False,0.0000,34.390,6.059,15.612,True,320,240,90,False,60.00,0.1000,0.000000,0.000000,0.000000,0.000000,0.000000,0.000000,1.000000,529
44.4254,inicio,False,0.0000,34.188,7.963,18.263,True,320,240,90,False,60.00,0.1000,0.000000,0.000000,0.000000,0.000000,0.000000,0.000000,1.000000,531
44.5578,inicio,False,0.0000,34.031,5.187,16.656,True,320,240,90,False,60.00,0.1000,0.000000,0.000000,0.000000,0.000000,0.000000,0.000000,1.000000,533
44.6583,inicio,False,0.0000,33.928,6.361,14.942,True,320,240,90,False,60.00,0.1000,0.000000,0.000000,0.000000,0.000000,0.000000,0.000000,1.000000,534
44.7920,inicio,False,0.0000,33.813,8.216,20.069,True,320,240,90,False,60.00,0.1000,0.000000,0.000000,0.000000,0.000000,0.000000,0.000000,1.000000,536
44.9243,inicio,False,0.0000,33.724,5.371,17.900,True,320,240,90,False,60.00,0.1000,0.000000,0.000000,0.000000,0.000000,0.000000,0.000000,1.000000,538
45.0576,inicio,False,0.0000,33.650,7.869,17.779,True,320,240,90,False,60.00,0.1000,0.000000,0.000000,0.000000,0.000000,0.000000,0.000000,1.000000,540
45.1586,inicio,False,0.0000,33.602,6.713,14.301,True,320,240,90,False,60.00,0.1000,0.000000,0.000000,0.000000,0.000000,0.000000,0.000000,1.000000,541
45.2597,inicio,False,0.0000,33.562,5.727,17.497,True,320,240,90,False,60.00,0.1000,0.000000,0.000000,0.000000,0.000000,0.000000,0.000000,1.000000,543
45.3915,inicio,False,0.0000,33.518,6.555,15.408,True,320,240,90,False,60.00,0.1000,0.000000,0.000000,0.000000,0.000000,0.000000,0.000000,1.000000,545
45.5240,inicio,False,0.0000,33.481,5.825,14.711,True,320,240,90,False,60.00,0.1000,0.000000,0.000000,0.000000,0.000000,0.000000,0.000000,1.000000,547
45.6243,inicio,False,0.0000,33.459,5.371,14.083,True,320,240,90,False,60.00,0.1000,0.000000,0.000000,0.000000,0.000000,0.000000,0.000000,1.000000,549
45.7244,inicio,False,0.0000,33.440,5.150,18.697,True,320,240,90,False,60.00,0.1000,0.000000,0.000000,0.000000,0.000000,0.000000,0.000000,1.000000,550
45.8247,inicio,False,0.0000,33.538,6.302,17.395,True,320,240,90,False,60.00,0.1000,0.000000,0.000000,0.000000,0.000000,0.000000,0.000000,1.000000,551
45.9574,inicio,False,0.0000,33.400,5.092,18.051,True,320,240,90,False,60.00,0.1000,0.000000,0.000000,0.000000,0.000000,0.000000,0.000000,1.000000,553
46.0906,inicio,False,0.0000,33.385,5.340,17.320,True,320,240,90,False,60.00,0.1000,0.000000,0.000000,0.000000,0.000000,0.000000,0.000000,1.000000,555
46.1908,inicio,False,0.0000,33.376,6.653,15.296,True,320,240,90,False,60.00,0.1000,0.000000,0.000000,0.000000,0.000000,0.000000,0.000000,1.000000,557
46.2927,inicio,False,0.0000,33.369,5.641,15.737,True,320,240,90,False,60.00,0.1000,0.000000,0.000000,0.000000,0.000000,0.000000,0.000000,1.000000,559
46.4236,inicio,False,0.0000,33.360,5.849,13.902,True,320,240,90,False,60.00,0.1000,0.000000,0.000000,0.000000,0.000000,0.000000,0.000000,1.000000,561
46.5250,inicio,False,0.0000,33.354,5.495,14.302,True,320,240,90,False,60.00,0.1000,0.000000,0.000000,0.000000,0.000000,0.000000,0.000000,1.000000,562
46.6251,inicio,False,0.0000,33.350,5.623,16.965,True,320,240,90,False,60.00,0.1000,0.000000,0.000000,0.000000,0.000000,0.000000,0.000000,1.000000,563
46.7257,inicio,False,0.0000,33.346,5.930,19.528,True,320,240,90,False,60.00,0.1000,0.000000,0.000000,0.000000,0.000000,0.000000,0.000000,1.000000,565
46.8267,inicio,False,0.0000,33.343,6.387,18.913,True,320,240,90,False,60.00,0.1000,0.000000,0.000000,0.000000,0.000000,0.000000,0.000000,1.000000,567
46.9594,inicio,False,0.0000,33.339,14.053,16.771,True,320,240,90,False,60.00,0.1000,0.000000,0.000000,0.000000,0.000000,0.000000,0.000000,1.000000,569
47.1128,inicio,False,0.0000,34.169,5.641,14.114,True,320,240,90,False,60.00,0.1000,0.000000,0.000000,0.000000,0.000000,0.000000,0.000000,1.000000,571
47.2414,inicio,False,0.0000,34.013,5.783,11.797,True,320,240,90,False,60.00,0.1000,0.000000,0.000000,0.000000,0.000000,0.000000,0.000000,1.000000,573
47.3416,inicio,False,0.0000,33.914,9.142,15.724,True,320,240,90,False,60.00,0.1000,0.000000,0.000000,0.000000,0.000000,0.000000,0.000000,1.000000,574
47.4746,inicio,False,0.0000,33.804,1.115,12.714,True,320,240,90,False,60.00,0.1000,0.000000,0.000000,0.000000,0.000000,0.000000,0.000000,1.000000,576
47.5748,inicio,False,0.0000,33.735,6.382,13.657,True,320,240,90,False,60.00,0.1000,0.000000,0.000000,0.000000,0.000000,0.000000,0.000000,1.000000,578
47.7078,inicio,False,0.0000,33.657,6.026,19.639,True,320,240,90,False,60.00,0.1000,0.000000,0.000000,0.000000,0.000000,0.000000,0.000000,1.000000,580
47.8081,inicio,False,0.0000,33.614,5.095,14.766,True,320,240,90,False,60.00,0.1000,0.000000,0.000000,0.000000,0.000000,0.000000,0.000000,1.000000,581
47.9411,inicio,False,0.0000,33.558,5.064,15.228,True,320,240,90,False,60.00,0.1000,0.000000,0.000000,0.000000,0.000000,0.000000,0.000000,1.000000,583
48.0413,inicio,True,0.0333,33.522,5.385,34.303,True,320,240,90,False,60.00,0.1000,-0.040035,0.013864,0.227285,0.296907,-0.316191,-0.637227,0.637033,585
48.4259,inicio,True,0.4165,51.007,6.974,24.249,True,320,240,90,False,60.00,0.1000,-0.034797,0.018029,0.236852,0.297723,-0.329597,-0.633580,0.633485,586
48.5635,inicio,True,0.5498,50.110,10.507,30.916,True,320,240,90,False,60.00,0.1000,-0.035131,0.011926,0.286283,0.332069,-0.330173,-0.622137,0.627425,589
48.6691,inicio,True,0.6498,50.098,11.484,27.003,True,320,240,90,False,60.00,0.1000,-0.034793,0.014100,0.286606,0.333138,-0.335774,-0.621642,0.624369,590
48.8031,inicio,True,0.7831,49.330,9.845,25.843,True,320,240,90,False,60.00,0.1000,-0.048901,0.021990,0.290233,0.334741,-0.355656,-0.613269,0.620772,592
48.9119,inicio,True,0.8997,47.880,9.546,22.846,True,320,240,90,False,60.00,0.1000,-0.069889,0.019618,0.290547,0.335292,-0.382286,-0.616880,0.600746,594
49.0243,inicio,False,0.8997,46.595,11.161,13.184,True,320,240,90,False,60.00,0.1000,-0.069889,0.019618,0.290547,0.335292,-0.382286,-0.616880,0.600746,595
49.1586,inicio,False,0.8997,44.134,6.722,15.923,True,320,240,90,False,60.00,0.1000,-0.069889,0.019618,0.290547,0.335292,-0.382286,-0.616880,0.600746,597
49.2604,inicio,False,0.8997,42.591,6.390,15.359,True,320,240,90,False,60.00,0.1000,-0.069889,0.019618,0.290547,0.335292,-0.382286,-0.616880,0.600746,599
49.3619,inicio,False,0.8997,41.269,10.868,17.151,True,320,240,90,False,60.00,0.1000,-0.069889,0.019618,0.290547,0.335292,-0.382286,-0.616880,0.600746,601
49.4974,inicio,False,0.8997,39.798,10.994,13.056,True,320,240,90,False,60.00,0.1000,-0.069889,0.019618,0.290547,0.335292,-0.382286,-0.616880,0.600746,603
49.6236,inicio,False,0.8997,38.592,10.238,16.115,True,320,240,90,False,60.00,0.1000,-0.069889,0.019618,0.290547,0.335292,-0.382286,-0.616880,0.600746,605
49.7241,inicio,False,0.8997,37.834,5.318,18.276,True,320,240,90,False,60.00,0.1000,-0.069889,0.019618,0.290547,0.335292,-0.382286,-0.616880,0.600746,606
49.8249,inicio,False,0.8997,37.197,8.946,16.902,True,320,240,90,False,60.00,0.1000,-0.069889,0.019618,0.290547,0.335292,-0.382286,-0.616880,0.600746,607
49.9307,inicio,False,0.8997,36.645,16.585,15.434,True,320,240,90,False,60.00,0.1000,-0.069889,0.019618,0.290547,0.335292,-0.382286,-0.616880,0.600746,609
50.0589,inicio,False,0.8997,36.029,6.067,19.478,True,320,240,90,False,60.00,0.1000,-0.069889,0.019618,0.290547,0.335292,-0.382286,-0.616880,0.600746,611
50.1602,inicio,False,0.8997,35.643,7.493,13.646,True,320,240,90,False,60.00,0.1000,-0.069889,0.019618,0.290547,0.335292,-0.382286,-0.616880,0.600746,613
50.2903,inicio,True,0.9331,35.213,10.890,19.575,True,320,240,90,False,60.00,0.1000,-0.103602,-0.005759,0.295034,0.448955,-0.380519,-0.571690,0.571677,615
50.4494,inicio,True,1.0830,35.694,11.958,27.606,True,320,240,90,False,60.00,0.1000,-0.091518,-0.001405,0.295277,0.432510,-0.370244,-0.582858,0.579768,617
50.5513,inicio,True,1.1829,37.087,14.259,21.057,True,320,240,90,False,60.00,0.1000,-0.082729,0.003904,0.297199,0.416272,-0.366109,-0.587806,0.589208,619
50.6616,inicio,True,1.2996,37.302,7.548,30.903,True,320,240,90,False,60.00,0.1000,-0.078613,0.007590,0.295583,0.410642,-0.366553,-0.588484,0.592198,620
50.7858,inicio,True,1.4162,39.372,20.405,30.086,True,320,240,90,False,60.00,0.1000,-0.073253,0.008563,0.296702,0.401216,-0.364171,-0.590818,0.597778,622
50.9183,inicio,True,1.5495,42.034,11.028,26.542,True,320,240,90,False,60.00,0.1000,-0.070839,0.006061,0.298003,0.401403,-0.358342,-0.594373,0.597652,624
51.0428,inicio,True,1.6829,44.434,20.437,27.886,True,320,240,90,False,60.00,0.1000,-0.069964,0.006091,0.298944,0.399160,-0.356203,-0.595467,0.599341,626
51.1581,inicio,True,1.7997,45.821,11.210,27.479,True,320,240,90,False,60.00,0.1000,-0.069447,0.007401,0.300508,0.400561,-0.356524,-0.594702,0.598975,628
51.3127,inicio,True,1.9495,46.448,14.725,46.423,True,320,240,90,False,60.00,0.1000,-0.064303,0.012572,0.300654,0.391528,-0.356916,-0.595724,0.603680,630
58.0515,inicio,True,8.6805,380.675,7.298,35.648,True,320,240,90,False,60.00,0.1000,-0.062029,0.017084,0.297012,0.387607,-0.363032,-0.593348,0.604902,631
58.1797,inicio,True,8.8138,368.308,1.349,42.323,True,320,240,90,False,60.00,0.1000,-0.062029,0.017084,0.297012,0.387607,-0.363032,-0.593348,0.604902,632
58.2862,inicio,False,8.8138,337.228,9.764,23.098,True,320,240,90,False,60.00,0.1000,-0.062029,0.017084,0.297012,0.387607,-0.363032,-0.593348,0.604902,634
58.4016,inicio,False,8.8138,294.633,16.422,15.476,True,320,240,90,False,60.00,0.1000,-0.062029,0.017084,0.297012,0.387607,-0.363032,-0.593348,0.604902,635
58.5323,inicio,True,8.9139,258.990,8.795,24.802,True,320,240,90,False,60.00,0.1000,-0.087461,0.025786,0.280103,0.405318,-0.425218,-0.573503,0.570965,637
58.6462,inicio,True,9.0306,239.493,13.060,36.386,True,320,240,90,False,60.00,0.1000,-0.057865,0.029293,0.284688,0.373654,-0.393891,-0.593569,0.594061,639
58.7645,inicio,True,9.1472,221.806,13.862,26.164,True,320,240,90,False,60.00,0.1000,-0.046692,0.029495,0.283304,0.362068,-0.384136,-0.600893,0.600229,641
58.8695,inicio,True,9.2472,205.052,17.178,20.540,True,320,240,90,False,60.00,0.1000,-0.045661,0.030644,0.282701,0.360542,-0.382324,-0.600517,0.602675,642
59.0065,inicio,True,9.3971,183.014,11.049,29.726,True,320,240,90,False,60.00,0.1000,-0.041121,0.031716,0.283793,0.353964,-0.379714,-0.602464,0.606271,644
59.1355,inicio,True,9.5137,162.496,10.839,23.731,True,320,240,90,False,60.00,0.1000,-0.025392,0.032095,0.284558,0.334583,-0.359161,-0.613873,0.618237,646
59.2686,inicio,True,9.6470,145.697,13.533,24.544,True,320,240,90,False,60.00,0.1000,-0.015242,0.032076,0.286252,0.331595,-0.356492,-0.615343,0.619928,648
59.3985,inicio,True,9.7804,131.304,11.958,25.770,True,320,240,90,False,60.00,0.1000,-0.010842,0.033332,0.286506,0.328124,-0.351445,-0.616267,0.623727,650
59.5209,inicio,True,9.9137,113.126,7.054,21.363,True,320,240,90,False,60.00,0.1000,-0.010457,0.035038,0.294023,0.326756,-0.351764,-0.615952,0.624576,652
59.6666,inicio,True,10.0468,103.361,16.718,26.939,True,320,240,90,False,60.00,0.1000,-0.019548,0.034724,0.305800,0.332173,-0.349905,-0.614903,0.623796,654
59.8144,inicio,True,10.1968,91.205,10.972,20.984,True,320,240,90,False,60.00,0.1000,-0.026732,0.046402,0.312943,0.345705,-0.379363,-0.592292,0.621098,657
59.9210,inicio,True,10.3134,83.701,5.811,22.684,True,320,240,90,False,60.00,0.1000,-0.024306,0.056960,0.322387,0.331900,-0.381967,-0.589448,0.629678,658
60.0626,inicio,True,10.4467,78.140,9.164,21.759,True,320,240,90,False,60.00,0.1000,-0.010967,0.065822,0.339375,0.317684,-0.375813,-0.591901,0.638352,660
60.1971,inicio,True,10.5800,73.373,13.071,25.224,True,320,240,90,False,60.00,0.1000,-0.014674,0.072062,0.344864,0.321624,-0.380737,-0.585304,0.639544,662
60.3209,inicio,True,10.7133,69.285,11.723,25.073,True,320,240,90,False,60.00,0.1000,-0.015366,0.079918,0.347739,0.317271,-0.386622,-0.583769,0.639590,664
60.4306,inicio,True,10.8133,64.157,19.049,21.328,True,320,240,90,False,60.00,0.1000,-0.016032,0.086926,0.347371,0.317004,-0.388650,-0.580559,0.641414,666
60.5309,inicio,True,10.9132,62.775,11.566,23.467,True,320,240,90,False,60.00,0.1000,-0.017429,0.089142,0.348190,0.314605,-0.388887,-0.581116,0.641946,667
60.6573,inicio,True,11.0465,60.198,15.007,20.798,True,320,240,90,False,60.00,0.1000,-0.019230,0.086149,0.349670,0.320118,-0.388848,-0.580313,0.639969,669
60.7870,inicio,True,11.1798,55.212,7.281,25.295,True,320,240,90,False,60.00,0.1000,-0.019531,0.084191,0.352367,0.322948,-0.386416,-0.581765,0.638700,671
60.9266,inicio,True,11.3131,53.715,14.637,20.382,True,320,240,90,False,60.00,0.1000,-0.019963,0.085577,0.352825,0.321535,-0.387709,-0.581471,0.638896,673
61.0674,inicio,True,11.4464,49.933,12.667,17.255,True,320,240,90,False,60.00,0.1000,-0.019544,0.084218,0.354723,0.324254,-0.385418,-0.582597,0.637882,675
61.1873,inicio,True,11.5797,49.188,12.013,24.301,True,320,240,90,False,60.00,0.1000,-0.019816,0.085236,0.352736,0.322945,-0.387224,-0.580840,0.639053,677
61.2945,inicio,True,11.6796,46.925,13.967,18.980,True,320,240,90,False,60.00,0.1000,-0.020112,0.085350,0.353321,0.321495,-0.388103,-0.580705,0.639374,679
61.4042,inicio,True,11.7963,45.737,11.739,21.586,True,320,240,90,False,60.00,0.1000,-0.020110,0.085552,0.353030,0.322100,-0.387398,-0.581248,0.639003,680
61.5493,inicio,True,11.9296,45.591,14.944,20.252,True,320,240,90,False,60.00,0.1000,-0.020317,0.085708,0.352398,0.322160,-0.386881,-0.581983,0.638617,683
61.6675,inicio,True,12.0462,44.593,6.190,25.269,True,320,240,90,False,60.00,0.1000,-0.021311,0.085902,0.352182,0.323693,-0.388099,-0.580863,0.638123,684
61.7951,inicio,True,12.1795,44.610,15.277,25.302,True,320,240,90,False,60.00,0.1000,-0.020817,0.085561,0.352556,0.323758,-0.387301,-0.581212,0.638256,686
61.9200,inicio,True,12.3128,42.516,8.336,24.065,True,320,240,90,False,60.00,0.1000,-0.020445,0.085596,0.352324,0.321371,-0.387837,-0.581215,0.639134,688
62.0286,inicio,True,12.4127,43.244,14.257,23.197,True,320,240,90,False,60.00,0.1000,-0.020239,0.084703,0.352073,0.322331,-0.387180,-0.581553,0.638742,690
62.1536,inicio,True,12.5460,43.373,6.013,23.964,True,320,240,90,False,60.00,0.1000,-0.019994,0.085396,0.351595,0.322234,-0.386699,-0.581357,0.639260,692
62.2611,inicio,True,12.6460,41.938,6.712,20.431,True,320,240,90,False,60.00,0.1000,-0.020174,0.085569,0.351524,0.321097,-0.387244,-0.581228,0.639619,693
62.3963,inicio,True,12.7793,40.342,5.648,23.421,True,320,240,90,False,60.00,0.1000,-0.020785,0.085586,0.351079,0.323736,-0.386849,-0.581400,0.638371,695
62.5199,inicio,True,12.9126,40.965,15.792,20.347,True,320,240,90,False,60.00,0.1000,-0.020479,0.084718,0.351644,0.323009,-0.386526,-0.581210,0.639108,697
62.6293,inicio,True,13.0125,39.874,14.691,26.338,True,320,240,90,False,60.00,0.1000,-0.020410,0.082138,0.350751,0.324653,-0.386545,-0.581540,0.637962,699
62.7302,inicio,True,13.1125,40.862,11.348,21.566,True,320,240,90,False,60.00,0.1000,-0.020667,0.080030,0.352457,0.327163,-0.384906,-0.583244,0.636111,700
62.8532,inicio,True,13.2458,39.463,6.278,23.366,True,320,240,90,False,60.00,0.1000,-0.020836,0.076955,0.353829,0.329980,-0.382761,-0.584859,0.634466,702
62.9921,inicio,True,13.3791,40.211,11.047,20.707,True,320,240,90,False,60.00,0.1000,-0.020876,0.074870,0.354216,0.332468,-0.380978,-0.585824,0.633349,704
63.0982,inicio,True,13.4791,39.228,8.671,20.549,True,320,240,90,False,60.00,0.1000,-0.020776,0.071379,0.354703,0.336228,-0.378581,-0.587122,0.631598,706
63.2197,inicio,True,13.6123,39.928,11.810,23.258,True,320,240,90,False,60.00,0.1000,-0.020789,0.069648,0.355672,0.338203,-0.376896,-0.588241,0.630508,707
63.3390,inicio,True,13.7289,39.818,12.459,22.553,True,320,240,90,False,60.00,0.1000,-0.020797,0.066042,0.357224,0.340861,-0.373990,-0.590970,0.628251,710
63.4527,inicio,True,13.8456,39.645,6.022,20.814,True,320,240,90,False,60.00,0.1000,-0.020973,0.065405,0.357944,0.342053,-0.373659,-0.590882,0.627883,711
63.5948,inicio,True,13.9789,40.366,10.355,21.059,True,320,240,90,False,60.00,0.1000,-0.020786,0.064342,0.358616,0.342019,-0.373050,-0.592417,0.626816,713
63.7516,inicio,True,14.1288,39.893,10.751,20.771,True,320,240,90,False,60.00,0.1000,-0.020724,0.064318,0.358307,0.342023,-0.372644,-0.592162,0.627297,716
63.8798,inicio,True,14.2621,40.541,10.581,23.921,True,320,240,90,False,60.00,0.1000,-0.020449,0.063834,0.358097,0.341815,-0.372957,-0.592962,0.626468,718
63.9927,inicio,True,14.3788,40.264,7.400,18.839,True,320,240,90,False,60.00,0.1000,-0.020387,0.063034,0.359105,0.341286,-0.372561,-0.593079,0.626880,719
64.1277,inicio,True,14.5120,40.898,12.977,22.970,True,320,240,90,False,60.00,0.1000,-0.020559,0.063418,0.358884,0.341305,-0.373177,-0.592170,0.627363,721
64.2621,inicio,True,14.6453,39.492,9.459,19.753,True,320,240,90,False,60.00,0.1000,-0.020383,0.062189,0.359047,0.342843,-0.371088,-0.593773,0.626247,723
64.3623,inicio,True,14.7453,38.613,11.941,22.226,True,320,240,90,False,60.00,0.1000,-0.020503,0.061815,0.359098,0.342051,-0.372270,-0.593398,0.626334,725
64.4634,inicio,True,14.8460,39.760,16.886,25.420,True,320,240,90,False,60.00,0.1000,-0.020250,0.061539,0.359446,0.342002,-0.371166,-0.593915,0.626527,726
64.5947,inicio,True,14.9789,40.445,15.166,24.496,True,320,240,90,False,60.00,0.1000,-0.020110,0.060860,0.358633,0.345046,-0.368318,-0.594176,0.626291,728
64.7252,inicio,True,15.1118,39.105,7.126,18.629,True,320,240,90,False,60.00,0.1000,-0.020439,0.060223,0.359626,0.344558,-0.369784,-0.594545,0.625344,730
64.8767,inicio,True,15.2618,38.869,14.971,21.615,True,320,240,90,False,60.00,0.1000,-0.021067,0.060131,0.359451,0.346261,-0.370719,-0.592571,0.625724,733
64.9955,inicio,True,15.3784,38.830,6.491,21.402,True,320,240,90,False,60.00,0.1000,-0.021308,0.058808,0.359057,0.348697,-0.368928,-0.593211,0.624822,734
65.1455,inicio,True,15.5284,38.642,13.273,25.055,True,320,240,90,False,60.00,0.1000,-0.039552,0.054069,0.358257,0.348662,-0.382055,-0.599012,0.611272,737
65.2664,inicio,True,15.6450,38.635,12.864,22.577,True,320,240,90,False,60.00,0.1000,-0.052013,0.052839,0.359515,0.368558,-0.394148,-0.591061,0.599549,738
65.4035,inicio,False,15.7283,40.335,11.693,14.034,True,320,240,90,False,60.00,0.1000,-0.053013,0.047653,0.341617,0.388524,-0.415278,-0.571993,0.591116,741
65.5454,inicio,True,15.7950,39.036,13.156,23.486,True,320,240,90,False,60.00,0.1000,-0.028270,0.050030,0.347744,0.384244,-0.386286,-0.579750,0.605830,743
65.6537,inicio,False,15.8450,38.973,5.263,11.011,True,320,240,90,False,60.00,0.1000,-0.028270,0.050030,0.347744,0.384244,-0.386286,-0.579750,0.605830,744
65.7976,inicio,True,15.9116,37.923,8.936,21.665,True,320,240,90,False,60.00,0.1000,-0.074523,0.032522,0.358586,0.441265,-0.413804,-0.560332,0.565756,746
65.9184,inicio,True,16.0282,38.057,12.145,21.752,True,320,240,90,False,60.00,0.1000,-0.057040,0.043999,0.344147,0.422778,-0.416483,-0.563142,0.575040,748
66.0287,inicio,True,16.1448,38.216,12.075,18.427,True,320,240,90,False,60.00,0.1000,-0.043466,0.058247,0.349310,0.398215,-0.417976,-0.567746,0.586844,750
66.1536,inicio,True,16.2781,39.062,12.435,22.783,True,320,240,90,False,60.00,0.1000,-0.040153,0.059108,0.345416,0.398224,-0.415611,-0.568818,0.587479,751
66.2795,inicio,True,16.3948,39.077,12.769,19.796,True,320,240,90,False,60.00,0.1000,-0.023940,0.065058,0.342191,0.378389,-0.409221,-0.575520,0.598445,754
66.3971,inicio,True,16.5114,39.009,8.417,20.192,True,320,240,90,False,60.00,0.1000,-0.020566,0.066205,0.342096,0.375416,-0.405677,-0.577568,0.600754,755
66.5357,inicio,True,16.6447,39.823,12.242,30.948,True,320,240,90,False,60.00,0.1000,-0.009171,0.061196,0.339931,0.369008,-0.394471,-0.583044,0.606866,757
66.6624,inicio,False,16.6780,40.477,11.279,17.820,True,320,240,90,False,60.00,0.1000,-0.008572,0.047039,0.325616,0.379017,-0.396513,-0.582204,0.600135,759
66.7692,inicio,True,16.7947,40.250,5.570,29.130,True,320,240,90,False,60.00,0.1000,-0.011121,-0.007420,0.351215,0.415586,-0.342932,-0.617412,0.573140,761
66.9042,inicio,True,16.9280,40.844,5.789,28.670,True,320,240,90,False,60.00,0.1000,-0.014729,-0.028892,0.338988,0.427773,-0.333923,-0.625608,0.560465,763
67.0201,inicio,True,17.0446,40.523,20.684,24.204,True,320,240,90,False,60.00,0.1000,-0.020260,-0.059183,0.346709,0.447284,-0.315337,-0.635771,0.544330,765
67.1278,inicio,True,17.1445,41.443,12.282,22.344,True,320,240,90,False,60.00,0.1000,-0.023785,-0.069521,0.350335,0.451695,-0.310143,-0.640203,0.538446,766
67.2753,inicio,True,17.2945,40.769,11.935,22.952,True,320,240,90,False,60.00,0.1000,-0.024390,-0.091319,0.356389,0.461537,-0.290796,-0.648514,0.530897,769
67.3923,inicio,True,17.4111,40.460,5.303,20.808,True,320,240,90,False,60.00,0.1000,-0.024232,-0.089647,0.355305,0.462543,-0.290364,-0.648960,0.529710,770
67.5350,inicio,True,17.5611,39.969,13.044,21.819,True,320,240,90,False,60.00,0.1000,-0.024211,-0.078839,0.355530,0.453249,-0.300696,-0.645195,0.536536,773
67.6990,inicio,True,17.7110,39.569,13.656,28.308,True,320,240,90,False,60.00,0.1000,-0.023113,-0.072200,0.356402,0.445567,-0.305280,-0.642679,0.543358,775
67.8094,inicio,True,17.8276,41.376,10.664,25.473,True,320,240,90,False,60.00,0.1000,-0.014240,-0.067999,0.354829,0.431641,-0.301238,-0.647583,0.550979,777
67.9249,inicio,True,17.9443,40.980,8.647,16.611,True,320,240,90,False,60.00,0.1000,-0.005307,-0.062865,0.351437,0.419163,-0.297199,-0.648660,0.561440,778
68.0673,inicio,True,18.0776,39.559,8.656,26.387,True,320,240,90,False,60.00,0.1000,-0.007900,-0.042729,0.350246,0.395931,-0.307789,-0.645250,0.576331,780
68.2120,inicio,True,18.2275,41.127,15.173,27.116,True,320,240,90,False,60.00,0.1000,-0.010630,-0.040227,0.347506,0.389020,-0.312135,-0.642615,0.581620,783
68.3456,inicio,True,18.3608,41.519,14.648,17.863,True,320,240,90,False,60.00,0.1000,-0.010294,-0.036953,0.347469,0.384730,-0.311494,-0.640809,0.586786,785
68.4554,inicio,True,18.4774,41.101,4.916,17.577,True,320,240,90,False,60.00,0.1000,-0.010435,-0.033465,0.347476,0.382913,-0.312702,-0.638939,0.589367,786
68.5957,inicio,True,18.6107,41.615,10.482,26.968,True,320,240,90,False,60.00,0.1000,-0.010445,-0.027931,0.349526,0.377739,-0.318832,-0.635752,0.592856,788
68.7151,inicio,True,18.7273,41.223,12.297,18.650,True,320,240,90,False,60.00,0.1000,-0.009000,-0.027100,0.350949,0.374010,-0.319107,-0.635914,0.594896,790
68.8338,inicio,True,18.8440,40.930,12.828,22.936,True,320,240,90,False,60.00,0.1000,-0.007150,-0.029039,0.350541,0.373082,-0.317045,-0.633899,0.598719,792
68.9513,inicio,True,18.9773,41.388,6.766,20.533,True,320,240,90,False,60.00,0.1000,-0.007612,-0.036968,0.350312,0.386986,-0.302140,-0.624439,0.607478,794
69.0652,inicio,True,19.0774,40.247,5.172,28.419,True,320,240,90,False,60.00,0.1000,-0.009230,-0.040360,0.351063,0.393630,-0.296944,-0.618838,0.611490,795
69.1936,inicio,True,19.2106,40.880,13.163,24.601,True,320,240,90,False,60.00,0.1000,-0.016414,-0.047620,0.353078,0.415066,-0.276096,-0.590573,0.634598,797
69.3280,inicio,True,19.3438,39.474,6.529,22.442,True,320,240,90,False,60.00,0.1000,-0.012534,-0.055266,0.358663,0.431755,-0.247237,-0.557847,0.664281,799
69.4781,inicio,True,19.4938,39.167,12.691,28.630,True,320,240,90,False,60.00,0.1000,-0.019327,-0.053883,0.357073,0.452975,-0.208349,-0.488539,0.716055,802
69.6086,inicio,True,19.6271,39.918,15.688,21.191,True,320,240,90,False,60.00,0.1000,-0.014906,-0.063430,0.351133,0.472134,-0.159725,-0.434305,0.750305,804
69.7215,inicio,True,19.7437,39.729,4.507,20.524,True,320,240,90,False,60.00,0.1000,-0.010292,-0.072555,0.352498,0.477769,-0.128263,-0.412032,0.765190,805
69.8620,inicio,True,19.8770,38.540,10.283,21.779,True,320,240,90,False,60.00,0.1000,-0.013674,-0.083609,0.354770,0.496563,-0.093351,-0.373306,0.778045,807
69.9860,inicio,True,20.0103,37.572,4.849,20.436,True,320,240,90,False,60.00,0.1000,-0.024056,-0.089010,0.361474,0.511886,-0.091005,-0.342208,0.782678,809
70.0891,inicio,True,20.1102,36.966,14.093,18.489,True,320,240,90,False,60.00,0.1000,-0.018366,-0.086150,0.360590,0.513087,-0.078263,-0.333375,0.787069,811
70.2008,inicio,True,20.2273,37.258,11.743,22.730,True,320,240,90,False,60.00,0.1000,-0.020468,-0.073597,0.356365,0.509322,-0.082862,-0.325553,0.792301,812
70.3459,inicio,True,20.3603,38.305,16.669,21.704,True,320,240,90,False,60.00,0.1000,-0.020771,-0.059444,0.369535,0.479164,-0.089616,-0.328697,0.808907,815
70.4753,inicio,True,20.4935,39.175,14.300,26.671,True,320,240,90,False,60.00,0.1000,-0.010969,-0.041412,0.360034,0.463107,-0.105061,-0.368064,0.799390,817
70.6205,inicio,False,20.5766,40.752,18.061,18.800,True,320,240,90,False,60.00,0.1000,-0.006907,-0.031037,0.367809,0.428025,-0.139697,-0.420319,0.787789,819
71.3097,inicio,False,20.5766,68.838,6.723,16.953,True,320,240,90,False,60.00,0.1000,-0.006907,-0.031037,0.367809,0.428025,-0.139697,-0.420319,0.787789,820
71.5982,inicio,True,20.8655,76.484,11.027,51.957,True,320,240,90,False,60.00,0.1000,-0.062766,0.015267,0.437503,0.390020,-0.370799,-0.601006,0.590919,822
71.7858,inicio,True,21.0543,82.103,875.408,68.293,True,320,240,0,False,60.00,0.1000,-0.016337,-0.079330,0.437465,0.550662,0.020014,0.007282,0.834457,823
72.8094,inicio,True,22.0709,128.827,57.118,47.812,True,320,240,0,False,60.00,0.1000,-0.014966,-0.096346,0.444880,0.560615,0.018698,-0.006300,0.827842,824
72.9434,inicio,True,22.2040,129.041,50.019,295.291,True,320,240,0,False,60.00,0.1000,-0.013757,-0.102142,0.443319,0.567266,0.019587,-0.007972,0.823263,825
73.3124,inicio,True,22.5709,140.935,1.310,70.668,True,320,240,0,False,60.00,0.1000,-0.013757,-0.102142,0.443319,0.567266,0.019587,-0.007972,0.823263,826
73.4965,inicio,True,22.7540,136.095,14.439,35.350,True,320,240,0,False,60.00,0.1000,-0.014305,-0.101259,0.448699,0.566104,0.016573,-0.011090,0.824093,828
73.6462,inicio,True,22.9205,130.944,19.747,57.041,True,320,240,0,False,60.00,0.1000,-0.011494,-0.095442,0.452903,0.561444,0.020815,-0.012708,0.827156,830
73.7996,inicio,True,23.0704,125.463,12.320,28.090,True,320,240,0,False,60.00,0.1000,-0.007487,-0.083795,0.461367,0.552437,0.022253,-0.016876,0.833086,831
73.9058,inicio,True,23.1703,118.144,10.633,42.392,True,320,240,0,False,60.00,0.1000,-0.008604,-0.075183,0.466211,0.548382,0.020021,-0.019127,0.835769,833
74.0668,inicio,True,23.3370,114.708,25.272,36.076,True,320,240,0,False,60.00,0.1000,-0.019613,-0.057922,0.470236,0.536932,0.008744,-0.017826,0.843392,835
74.2086,inicio,True,23.4703,109.980,19.110,23.755,True,320,240,0,False,60.00,0.1000,-0.014532,-0.030810,0.475263,0.514554,0.010747,-0.022190,0.857103,837
74.3684,inicio,True,23.6369,102.219,14.583,31.594,True,320,240,0,False,60.00,0.1000,-0.015718,-0.027493,0.473990,0.512176,0.012697,-0.022424,0.858494,839
74.5048,inicio,True,23.7704,98.761,15.975,32.150,True,320,240,0,False,60.00,0.1000,-0.018146,-0.023014,0.472723,0.508364,0.007054,-0.019624,0.860890,841
74.6386,inicio,True,23.9037,95.630,10.444,28.583,True,320,240,0,False,60.00,0.1000,-0.020103,-0.020960,0.472901,0.505023,0.006702,-0.018909,0.862873,843
74.7804,inicio,True,24.0537,93.679,19.130,37.020,True,320,240,0,False,60.00,0.1000,-0.020322,-0.019646,0.472242,0.502353,0.007913,-0.017518,0.864449,845
74.9353,inicio,True,24.2035,91.830,13.104,34.105,True,320,240,0,False,60.00,0.1000,-0.018700,-0.019458,0.469319,0.503435,0.012558,-0.017432,0.863766,847
75.0892,inicio,True,24.3534,90.204,1.119,30.864,True,320,240,0,False,60.00,0.1000,-0.019078,-0.020063,0.468275,0.505523,0.010618,-0.018423,0.862551,849
75.2064,inicio,True,24.4700,87.114,18.380,30.437,True,320,240,0,False,60.00,0.1000,-0.019475,-0.021128,0.467531,0.507267,0.009118,-0.016634,0.861580,851
75.3726,inicio,True,24.6368,82.622,21.241,31.328,True,320,240,0,False,60.00,0.1000,-0.018032,-0.021767,0.464116,0.502957,0.012824,-0.015592,0.864076,853
75.5364,inicio,True,24.7867,81.853,5.941,35.168,True,320,240,0,False,60.00,0.1000,-0.006323,-0.019084,0.457424,0.505497,0.022823,-0.015327,0.862390,855
75.6569,inicio,True,24.9199,80.366,16.261,32.317,True,320,240,0,False,60.00,0.1000,-0.000436,-0.017377,0.457862,0.500817,0.026956,-0.024611,0.864783,857
75.7689,inicio,True,25.0365,78.192,12.374,26.005,True,320,240,0,False,60.00,0.1000,-0.007442,-0.025184,0.454072,0.517294,0.019479,-0.021837,0.855308,859
75.8797,inicio,True,25.1532,76.280,14.704,22.226,True,320,240,0,False,60.00,0.1000,-0.011009,-0.041674,0.453567,0.532169,0.009419,-0.024206,0.846240,861
76.0009,inicio,True,25.2698,70.903,14.999,23.617,True,320,240,0,False,60.00,0.1000,0.000078,-0.043494,0.449535,0.539437,0.012321,-0.027570,0.841485,863
76.1284,inicio,True,25.4030,67.124,6.811,28.212,True,320,240,0,False,60.00,0.1000,0.002678,-0.046590,0.450647,0.537644,0.016017,-0.028349,0.842543,864
76.2623,inicio,True,25.5362,63.965,16.713,24.853,True,320,240,0,False,60.00,0.1000,0.009331,-0.046763,0.444426,0.542455,0.021373,-0.025491,0.839426,866
76.3905,inicio,True,25.6529,60.432,13.334,24.736,True,320,240,0,False,60.00,0.1000,0.018908,-0.046349,0.447011,0.537358,0.030188,-0.031215,0.842236,868
76.5238,inicio,True,25.7862,58.189,11.496,25.380,True,320,240,0,False,60.00,0.1000,0.013448,-0.048708,0.443229,0.538150,0.025736,-0.024629,0.842096,870
76.6565,inicio,True,25.9194,56.265,12.186,23.468,True,320,240,0,False,60.00,0.1000,0.013748,-0.047456,0.440731,0.535954,0.025738,-0.023649,0.843523,872
76.8071,inicio,True,26.0694,55.452,20.774,26.640,True,320,240,0,False,60.00,0.1000,0.012738,-0.041104,0.436355,0.526091,0.027297,-0.020646,0.849739,875
76.9358,inicio,False,26.0694,56.550,9.493,25.627,True,320,240,0,False,60.00,0.1000,0.012738,-0.041104,0.436355,0.526091,0.027297,-0.020646,0.849739,877
77.0469,inicio,False,26.0694,53.989,7.358,17.933,True,320,240,0,False,60.00,0.1000,0.012738,-0.041104,0.436355,0.526091,0.027297,-0.020646,0.849739,878
77.1927,inicio,True,26.2028,52.669,13.834,25.047,True,320,240,0,False,60.00,0.1000,0.006836,-0.054807,0.427720,0.540261,0.022270,-0.014507,0.841078,880
77.3193,inicio,True,26.3361,51.532,13.657,24.225,True,320,240,0,False,60.00,0.1000,-0.001531,-0.059808,0.429320,0.545581,0.010387,-0.011512,0.837915,882
77.4526,inicio,True,26.4693,50.598,13.261,29.321,True,320,240,0,False,60.00,0.1000,0.003372,-0.050458,0.432057,0.538326,0.010508,-0.016639,0.842507,884
77.5976,inicio,True,26.6191,50.507,13.270,21.684,True,320,240,0,False,60.00,0.1000,-0.003567,-0.044604,0.428380,0.536150,0.000340,-0.012787,0.844026,887
77.7110,inicio,True,26.7357,48.806,6.475,22.548,True,320,240,0,False,60.00,0.1000,-0.004276,-0.037461,0.422920,0.529453,-0.000825,-0.010999,0.848268,888
77.8516,inicio,True,26.8690,48.219,12.149,20.717,True,320,240,0,False,60.00,0.1000,-0.005466,-0.025060,0.419340,0.521774,-0.004435,-0.009248,0.853022,890
77.9771,inicio,True,27.0023,45.459,9.711,21.431,True,320,240,0,False,60.00,0.1000,-0.007101,-0.017324,0.417411,0.515422,-0.007276,-0.008100,0.856867,892
78.1231,inicio,True,27.1356,45.352,14.959,21.874,True,320,240,0,False,60.00,0.1000,-0.002176,-0.011485,0.418335,0.510270,-0.004853,-0.013056,0.859901,894
78.2479,inicio,True,27.2689,45.260,13.686,20.818,True,320,240,0,False,60.00,0.1000,-0.005124,-0.010070,0.417115,0.507648,-0.007506,-0.012369,0.861443,896
78.3535,inicio,True,27.3689,43.558,12.410,26.630,True,320,240,0,False,60.00,0.1000,-0.004914,-0.013342,0.417164,0.511634,-0.009462,-0.010883,0.859082,898
78.4624,inicio,True,27.4857,45.026,16.395,25.736,True,320,240,0,False,60.00,0.1000,-0.002369,-0.011808,0.415862,0.510250,-0.006912,-0.012464,0.859908,899
78.5874,inicio,True,27.6023,44.188,12.307,26.445,True,320,240,0,False,60.00,0.1000,0.002677,-0.010680,0.417715,0.508465,-0.001621,-0.016889,0.860916,901
78.6948,inicio,True,27.7188,43.427,5.553,22.999,True,320,240,0,False,60.00,0.1000,0.001270,-0.012408,0.417791,0.510374,-0.005096,-0.015105,0.859805,903
78.7974,inicio,True,27.8190,44.117,17.259,25.942,True,320,240,0,False,60.00,0.1000,0.002141,-0.015512,0.417302,0.509757,-0.005135,-0.014526,0.860180,904
78.9290,inicio,True,27.9523,44.243,13.819,29.472,True,320,240,0,False,60.00,0.1000,0.007323,-0.020106,0.419850,0.517999,-0.002205,-0.016545,0.855218,906
79.1025,inicio,True,28.1191,45.987,11.782,35.665,True,320,240,0,False,60.00,0.1000,0.012539,-0.024052,0.418507,0.518508,-0.000092,-0.018768,0.854867,909
79.2227,inicio,True,28.2356,47.162,12.779,23.928,True,320,240,0,False,60.00,0.1000,0.011638,-0.026990,0.416779,0.524409,0.000851,-0.016333,0.851310,911
79.3265,inicio,True,28.3355,47.433,12.392,25.201,True,320,240,0,False,60.00,0.1000,0.016093,-0.023680,0.415415,0.523593,-0.000060,-0.019905,0.851736,912
79.4537,inicio,True,28.4687,47.039,17.141,20.692,True,320,240,0,False,60.00,0.1000,0.022840,-0.014712,0.416779,0.517347,0.000625,-0.029760,0.855258,914
79.5884,inicio,True,28.6018,44.488,6.391,23.362,True,320,240,0,False,60.00,0.1000,0.029017,-0.014034,0.415484,0.516249,0.007794,-0.031550,0.855821,916
79.6935,inicio,True,28.7184,43.688,7.193,23.717,True,320,240,0,False,60.00,0.1000,0.035401,-0.023361,0.416660,0.525490,0.013568,-0.036207,0.849921,918
79.8098,inicio,True,28.8349,42.993,21.821,21.837,True,320,240,0,False,60.00,0.1000,0.029175,-0.032738,0.415954,0.529572,0.009432,-0.033349,0.847557,920
79.9179,inicio,True,28.9348,43.673,13.878,19.357,True,320,240,0,False,60.00,0.1000,0.028730,-0.036936,0.416904,0.535899,0.009653,-0.031576,0.843636,921
80.0432,inicio,True,29.0683,41.762,5.398,22.542,True,320,240,0,False,60.00,0.1000,0.031808,-0.047152,0.415960,0.548509,0.012395,-0.034401,0.835345,923
80.1902,inicio,True,29.2016,42.181,11.530,20.577,True,320,240,0,False,60.00,0.1000,0.032832,-0.051710,0.415744,0.552411,0.014597,-0.032020,0.832829,925
80.3231,inicio,True,29.3349,42.542,19.509,21.666,True,320,240,0,False,60.00,0.1000,0.034106,-0.051674,0.417170,0.555076,0.018998,-0.028010,0.831111,927
80.4534,inicio,True,29.4682,42.853,13.681,24.937,True,320,240,0,False,60.00,0.1000,0.033253,-0.064583,0.416475,0.562773,0.017221,-0.027851,0.825963,929
80.5908,inicio,True,29.6015,41.085,8.623,22.215,True,320,240,0,False,60.00,0.1000,0.020816,-0.068751,0.413657,0.574215,0.010289,-0.020032,0.818395,931
80.7115,inicio,True,29.7348,41.602,14.998,18.049,True,320,240,0,False,60.00,0.1000,0.013234,-0.079318,0.418261,0.577586,0.002303,-0.010361,0.816261,933
80.8264,inicio,True,29.8514,41.212,5.452,23.169,True,320,240,0,False,60.00,0.1000,0.010958,-0.090523,0.416148,0.590060,-0.000002,-0.007601,0.807323,935
80.9442,inicio,True,29.9680,40.878,21.496,23.665,True,320,240,0,False,60.00,0.1000,0.016677,-0.087634,0.416260,0.584865,0.005083,-0.006563,0.811089,937
81.0535,inicio,True,30.0680,41.766,11.210,22.524,True,320,240,0,False,60.00,0.1000,0.021320,-0.085815,0.417771,0.580527,0.010480,-0.008227,0.814132,938
81.1845,inicio,True,30.2013,40.201,5.474,22.113,True,320,240,0,False,60.00,0.1000,0.026551,-0.090027,0.417619,0.586263,0.016901,-0.011530,0.809862,940
81.3357,inicio,True,30.3513,39.758,12.876,20.464,True,320,240,0,False,60.00,0.1000,0.037949,-0.100006,0.416581,0.595378,0.027737,-0.018141,0.802762,943
81.4431,inicio,True,30.4679,39.592,5.573,26.133,True,320,240,0,False,60.00,0.1000,0.039139,-0.104501,0.415831,0.601650,0.029920,-0.019457,0.797962,944
81.5917,inicio,True,30.6012,40.322,13.111,24.089,True,320,240,0,False,60.00,0.1000,0.034617,-0.106682,0.413675,0.604552,0.029686,-0.015464,0.795863,946
81.7252,inicio,True,30.7344,40.947,12.570,25.194,True,320,240,0,False,60.00,0.1000,0.031460,-0.103041,0.414304,0.598799,0.022725,-0.013988,0.800455,948
81.8498,inicio,True,30.8677,41.484,13.241,21.273,True,320,240,0,False,60.00,0.1000,0.032548,-0.107835,0.411377,0.607323,0.028334,-0.014191,0.793823,950
81.9857,inicio,True,31.0010,39.971,5.846,23.346,True,320,240,0,False,60.00,0.1000,0.029939,-0.107501,0.407835,0.606220,0.021796,-0.014147,0.794872,952
82.1368,inicio,True,31.1510,39.571,13.399,23.197,True,320,240,0,False,60.00,0.1000,0.029151,-0.106946,0.392555,0.611630,0.025888,-0.013964,0.790597,955
82.2529,inicio,True,31.2676,39.431,4.336,22.382,True,320,240,0,False,60.00,0.1000,0.029062,-0.106342,0.383779,0.614822,0.023060,-0.016044,0.788166,956
82.3808,inicio,True,31.4009,38.298,4.424,18.864,True,320,240,0,False,60.00,0.1000,0.030210,-0.108062,0.383841,0.618240,0.025579,-0.015025,0.785429,958
82.4929,inicio,True,31.5175,38.380,5.947,30.784,True,320,240,0,False,60.00,0.1000,0.027946,-0.106843,0.400577,0.609146,0.022253,-0.012482,0.792648,960
82.6003,inicio,True,31.6175,39.512,12.781,27.734,True,320,240,0,False,60.00,0.1000,0.026423,-0.106336,0.406365,0.607658,0.020823,-0.010567,0.793855,961
82.7117,inicio,True,31.7341,39.462,14.292,21.794,True,320,240,0,False,60.00,0.1000,0.026683,-0.110132,0.414696,0.610207,0.018466,-0.011666,0.791941,963
82.8524,inicio,True,31.8674,38.323,4.997,23.880,True,320,240,0,False,60.00,0.1000,0.025387,-0.108887,0.415670,0.605991,0.018574,-0.009548,0.795197,965
83.0026,inicio,True,32.0174,38.228,12.114,22.205,True,320,240,0,False,60.00,0.1000,0.026026,-0.107861,0.418091,0.603851,0.020703,-0.009739,0.796769,968
83.1133,inicio,True,32.1340,38.280,4.414,18.398,True,320,240,0,False,60.00,0.1000,0.025867,-0.108050,0.419693,0.602954,0.019041,-0.010251,0.797483,969
83.2645,inicio,True,32.2839,38.193,13.365,21.512,True,320,240,0,False,60.00,0.1000,0.025156,-0.106028,0.422491,0.601683,0.016892,-0.009524,0.798500,972
83.3756,inicio,True,32.4006,38.251,11.318,24.224,True,320,240,0,False,60.00,0.1000,0.025462,-0.105927,0.423092,0.601816,0.016101,-0.011650,0.798388,973
83.4777,inicio,True,32.5005,39.395,12.305,24.804,True,320,240,0,False,60.00,0.1000,0.023465,-0.106173,0.422007,0.602323,0.013358,-0.009790,0.798081,975
83.5921,inicio,True,32.6172,39.281,13.028,19.240,True,320,240,0,False,60.00,0.1000,0.023152,-0.106884,0.420753,0.602353,0.015122,-0.008376,0.798043,976
83.7348,inicio,True,32.7505,40.058,13.385,21.923,True,320,240,0,False,60.00,0.1000,0.022322,-0.106930,0.416946,0.605503,0.014491,-0.010453,0.795643,979
83.8424,inicio,True,32.8671,39.849,6.621,28.095,True,320,240,0,False,60.00,0.1000,0.021582,-0.107445,0.417104,0.603351,0.016378,-0.007455,0.797273,980
83.9863,inicio,True,33.0004,40.541,13.398,24.182,True,320,240,0,False,60.00,0.1000,0.019634,-0.107380,0.415448,0.605567,0.014753,-0.005964,0.795636,982
84.1358,inicio,True,33.1503,40.034,12.857,21.815,True,320,240,0,False,60.00,0.1000,0.018868,-0.106640,0.408462,0.606658,0.013245,-0.004574,0.794840,985
84.2519,inicio,True,33.2669,39.828,8.731,21.101,True,320,240,0,False,60.00,0.1000,0.018602,-0.106917,0.404452,0.607845,0.015768,-0.006424,0.793873,986
84.3837,inicio,True,33.4002,38.620,5.204,21.720,True,320,240,0,False,60.00,0.1000,0.017092,-0.106286,0.391890,0.611748,0.013007,-0.004728,0.790932,988
84.5155,inicio,True,33.5335,39.491,13.131,21.918,True,320,240,0,False,60.00,0.1000,0.016944,-0.105633,0.378113,0.621547,0.013178,-0.006526,0.783239,990
84.6449,inicio,True,33.6668,40.236,12.415,19.272,True,320,240,0,False,60.00,0.1000,0.017746,-0.104476,0.416695,0.604029,0.010772,-0.003687,0.796881,992
84.7976,inicio,True,33.8168,39.788,14.185,23.214,True,320,240,0,False,60.00,0.1000,0.022306,-0.104285,0.417633,0.603158,0.015203,-0.005343,0.797459,995
84.9168,inicio,True,33.9334,39.617,4.895,22.555,True,320,240,0,False,60.00,0.1000,0.024099,-0.103986,0.418063,0.600924,0.018270,-0.006371,0.799072,996
85.0731,inicio,True,34.0834,39.283,14.029,21.447,True,320,240,0,False,60.00,0.1000,0.026509,-0.104937,0.417871,0.603971,0.016310,-0.010829,0.796766,999
85.1969,inicio,True,34.2167,40.018,13.368,19.290,True,320,240,0,False,60.00,0.1000,0.025745,-0.104717,0.417226,0.604052,0.018265,-0.008154,0.796694,1001
85.3492,inicio,True,34.3666,39.607,14.548,27.597,True,320,240,0,False,60.00,0.1000,0.024358,-0.104826,0.417301,0.603900,0.015592,-0.008727,0.796860,1003
85.4513,inicio,True,34.4666,40.619,14.467,19.627,True,320,240,0,False,60.00,0.1000,0.024016,-0.104547,0.417275,0.603844,0.016843,-0.006814,0.796896,1004
85.5580,inicio,True,34.5832,40.369,5.824,31.759,True,320,240,0,False,60.00,0.1000,0.024242,-0.104202,0.417772,0.602630,0.018482,-0.006116,0.797783,1006
85.6589,inicio,True,34.6833,41.313,13.230,25.284,True,320,240,0,False,60.00,0.1000,0.023867,-0.103303,0.417066,0.599491,0.015692,-0.006774,0.800199,1008
85.7752,inicio,True,34.7999,40.925,7.089,22.661,True,320,240,0,False,60.00,0.1000,0.024438,-0.103045,0.416808,0.601109,0.012881,-0.009345,0.799009,1009
85.9192,inicio,True,34.9335,41.478,13.333,22.525,True,320,240,0,False,60.00,0.1000,0.023573,-0.103146,0.417142,0.599837,0.014971,-0.006981,0.799952,1011
86.0589,inicio,True,35.0833,42.767,14.008,25.502,True,320,240,0,False,60.00,0.1000,0.024685,-0.102077,0.417752,0.600791,0.020049,-0.005319,0.799137,1014
86.1846,inicio,True,35.1999,42.168,8.137,20.437,True,320,240,0,False,60.00,0.1000,0.024611,-0.102248,0.418315,0.601171,0.017465,-0.007244,0.798897,1015
86.3156,inicio,True,35.3330,40.520,5.693,19.258,True,320,240,0,False,60.00,0.1000,0.023945,-0.101541,0.417668,0.597374,0.016573,-0.007145,0.801760,1017
86.4511,inicio,True,35.4661,39.175,6.233,23.081,True,320,240,0,False,60.00,0.1000,0.024225,-0.100630,0.417693,0.600244,0.016052,-0.007658,0.799619,1019
86.6193,inicio,True,35.6329,39.764,15.919,26.266,True,320,240,0,False,60.00,0.1000,0.023797,-0.099339,0.418531,0.596201,0.013825,-0.007531,0.802681,1022
86.7232,inicio,True,35.7329,40.723,12.642,26.461,True,320,240,0,False,60.00,0.1000,0.022517,-0.099239,0.418156,0.596584,0.011431,-0.006123,0.802446,1024
86.8411,inicio,True,35.8662,41.170,6.176,18.866,True,320,240,0,False,60.00,0.1000,0.023915,-0.099400,0.417897,0.595375,0.014518,-0.006031,0.803294,1025
86.9755,inicio,True,35.9994,41.673,14.219,23.579,True,320,240,0,False,60.00,0.1000,0.024999,-0.100605,0.418514,0.600923,0.020041,-0.004639,0.799042,1027
87.0835,inicio,True,36.0994,40.481,13.010,21.770,True,320,240,0,False,60.00,0.1000,0.025542,-0.101595,0.418650,0.596566,0.015784,-0.006303,0.802384,1029
87.1848,inicio,True,36.1994,41.410,13.649,21.566,True,320,240,0,False,60.00,0.1000,0.025768,-0.101708,0.418585,0.596948,0.016954,-0.007253,0.802068,1030
87.3273,inicio,True,36.3493,40.741,11.268,24.499,True,320,240,0,False,60.00,0.1000,0.025423,-0.102076,0.418749,0.598030,0.017885,-0.005899,0.801253,1033
87.4407,inicio,True,36.4659,40.434,8.129,20.399,True,320,240,0,False,60.00,0.1000,0.024600,-0.101602,0.418556,0.597564,0.014410,-0.007575,0.801656,1034
87.5776,inicio,True,36.5992,41.045,12.859,20.205,True,320,240,0,False,60.00,0.1000,0.024239,-0.100988,0.417755,0.599040,0.014353,-0.006315,0.800566,1036
87.6870,inicio,True,36.6992,39.943,14.080,25.173,True,320,240,0,False,60.00,0.1000,0.025306,-0.101516,0.417847,0.596615,0.016286,-0.006620,0.802335,1038
87.7924,inicio,True,36.8158,41.754,11.451,26.906,True,320,240,0,False,60.00,0.1000,0.025780,-0.102724,0.417334,0.601592,0.018628,-0.006907,0.798556,1040
87.9088,inicio,True,36.9324,41.302,5.772,24.692,True,320,240,0,False,60.00,0.1000,0.025163,-0.102915,0.417187,0.599949,0.014956,-0.007524,0.799863,1041
88.0131,inicio,True,37.0325,42.195,17.858,32.434,True,320,240,0,False,60.00,0.1000,0.025465,-0.102867,0.417468,0.602001,0.017848,-0.005645,0.798276,1043
88.1363,inicio,True,37.1491,43.745,18.770,36.403,True,320,240,0,False,60.00,0.1000,0.025701,-0.103712,0.417582,0.599713,0.018493,-0.006605,0.799974,1045
88.3146,inicio,True,37.3323,48.477,12.891,25.565,True,320,240,0,False,60.00,0.1000,0.024768,-0.103991,0.417280,0.602213,0.019343,-0.004863,0.798087,1046
88.4244,inicio,True,37.4490,47.107,5.752,30.140,True,320,240,0,False,60.00,0.1000,0.025301,-0.104475,0.416996,0.603492,0.018407,-0.004457,0.797144,1048
88.5382,inicio,True,37.5489,47.386,8.489,20.151,True,320,240,0,False,60.00,0.1000,0.025261,-0.104329,0.416723,0.604061,0.017992,-0.005913,0.796714,1050
88.6486,inicio,True,37.6655,46.132,5.324,21.376,True,320,240,0,False,60.00,0.1000,0.025285,-0.104117,0.416935,0.602931,0.019318,-0.004699,0.797546,1051
88.7573,inicio,True,37.7821,45.095,8.643,49.409,True,320,240,0,False,60.00,0.1000,0.027386,-0.102536,0.416284,0.602091,0.019765,-0.005889,0.798161,1053
88.8956,inicio,True,37.9154,47.196,13.069,27.121,True,320,240,0,False,60.00,0.1000,0.028525,-0.101116,0.416001,0.597928,0.017920,-0.010310,0.801284,1055
89.0115,inicio,True,38.0321,48.302,15.205,28.526,True,320,240,0,False,60.00,0.1000,0.036468,-0.102119,0.414903,0.600208,0.021237,-0.020467,0.799300,1057
89.1260,inicio,True,38.1487,49.299,18.418,22.741,True,320,240,0,False,60.00,0.1000,0.033372,-0.102897,0.416139,0.600389,0.024603,-0.014288,0.799202,1059
89.2421,inicio,True,38.2653,47.772,20.827,25.941,True,320,240,0,False,60.00,0.1000,0.033216,-0.102881,0.415954,0.600716,0.023602,-0.013601,0.798998,1060
89.3549,inicio,True,38.3653,47.988,14.571,28.513,True,320,240,0,False,60.00,0.1000,0.036475,-0.100904,0.415890,0.597285,0.022229,-0.018308,0.801512,1062
89.4739,inicio,True,38.3986,47.399,5.081,24.358,True,320,240,0,False,60.00,0.1000,0.056470,-0.066306,0.417833,0.563991,0.040110,-0.033036,0.824145,1064
89.6211,inicio,True,38.5322,47.071,10.077,27.637,True,320,240,0,False,60.00,0.1000,0.032025,-0.076220,0.417359,0.571729,0.014709,-0.019778,0.820073,1066
89.7336,inicio,True,38.6488,48.186,13.169,34.132,True,320,240,0,False,60.00,0.1000,0.045590,-0.082258,0.410541,0.571520,0.022211,-0.027152,0.819838,1068
89.8544,inicio,True,38.7658,49.168,12.529,31.578,True,320,240,0,False,60.00,0.1000,0.053375,-0.084033,0.411147,0.573683,0.030373,-0.031087,0.817924,1069
89.9857,inicio,True,38.8988,48.524,15.122,20.202,True,320,240,0,False,60.00,0.1000,0.063494,-0.073103,0.410857,0.562334,0.042760,-0.036306,0.825005,1071
90.1170,inicio,True,39.0319,45.694,7.255,22.272,True,320,240,0,False,60.00,0.1000,0.051731,-0.041499,0.410306,0.531809,0.031692,-0.031555,0.845683,1073
